question,gold_sql,askql_sql,pass
"List the 5 orders with the highest total price, indicating the delivery date.","SELECT T1.o_orderkey, T2.l_shipdate FROM orders AS T1 INNER JOIN lineitem AS T2 ON T1.o_orderkey = T2.l_orderkey ORDER BY T1.o_totalprice DESC LIMIT 5","SELECT o_orderkey, l_shipdate, o_totalprice
FROM orders
JOIN lineitem ON orders.o_orderkey = lineitem.l_orderkey
ORDER BY o_totalprice DESC
LIMIT 5;",False
Please list the names of the top 3 suppliers with the most amount of money in their accounts.,SELECT s_name FROM supplier ORDER BY s_acctbal DESC LIMIT 3,"SELECT s_name 
FROM supplier 
ORDER BY s_acctbal DESC 
LIMIT 3;",True
How many order keys are not applied for the discount?,SELECT COUNT(l_orderkey) FROM lineitem WHERE l_discount = 0,"SELECT COUNT(*) 
FROM lineitem 
WHERE l_discount = 0;",True
What are the total quantities of the items ordered by customer 101660 on 10/5/1995?,SELECT SUM(T2.l_quantity) FROM orders AS T1 INNER JOIN lineitem AS T2 ON T1.o_orderkey = T2.l_orderkey WHERE T1.o_orderdate = '1995-10-05' AND T1.o_custkey = 101660,"SELECT SUM(l_quantity) AS total_quantity
FROM lineitem
JOIN orders ON lineitem.l_orderkey = orders.o_orderkey
WHERE orders.o_custkey = 101660 AND orders.o_orderdate = '1995-10-05';",True
What is the discounted price of line item number 1?,SELECT l_extendedprice * (1 - l_discount) FROM lineitem WHERE l_linenumber = 1,"SELECT l_extendedprice * (1 - l_discount) AS discounted_price
FROM lineitem
WHERE l_linenumber = 1;",True
How many suppliers from Egypt have a debit balance?,SELECT COUNT(T1.s_suppkey) FROM supplier AS T1 INNER JOIN nation AS T2 ON T1.s_nationkey = T2.n_nationkey WHERE T1.s_acctbal < 0 AND T2.n_name = 'EGYPT',"SELECT COUNT(*) 
FROM supplier 
JOIN nation ON supplier.s_nationkey = nation.n_nationkey 
WHERE nation.n_name = 'EGYPT' AND supplier.s_acctbal < 0;",True
"For the order with the total price of 218195.43, which supplier handled the returned item? Give the supplier id.",SELECT T2.l_suppkey FROM orders AS T1 INNER JOIN lineitem AS T2 ON T1.o_orderkey = T2.l_orderkey WHERE T1.o_totalprice = 218195.43 AND T2.l_returnflag = 'R',"SELECT s_suppkey 
FROM supplier 
WHERE s_suppkey IN (
    SELECT l_suppkey 
    FROM lineitem 
    WHERE l_orderkey IN (
        SELECT o_orderkey 
        FROM orders 
        WHERE o_totalprice = 218195.43
    ) AND l_returnflag = 'R'
);",True
Please indicate the total price of order key 32.,SELECT o_totalprice FROM orders WHERE o_orderkey = 32,"SELECT o_totalprice 
FROM orders 
WHERE o_orderkey = 32;",True
"Among the suppliers from Middle East region, how many suppliers were in debt?",SELECT COUNT(T3.s_name) FROM region AS T1 INNER JOIN nation AS T2 ON T1.r_regionkey = T2.n_regionkey INNER JOIN supplier AS T3 ON T2.n_nationkey = T3.s_nationkey WHERE T3.s_acctbal < 0 AND T1.r_name = 'MIDDLE EAST',"SELECT COUNT(*) 
FROM supplier s
JOIN nation n ON s.s_nationkey = n.n_nationkey
JOIN region r ON n.n_regionkey = r.r_regionkey
WHERE r.r_name = 'MIDDLE EAST' AND s.s_acctbal < 0;",True
What is the order priority of the order with the highest total price?,SELECT o_orderpriority FROM orders WHERE o_totalprice = ( SELECT MAX(o_totalprice) FROM orders ),"SELECT o_orderpriority 
FROM orders 
ORDER BY o_totalprice DESC 
LIMIT 1;",True
"Among the customers in Asia, how many customers are in debt?",SELECT COUNT(T1.n_name) FROM nation AS T1 INNER JOIN customer AS T2 ON T1.n_nationkey = T2.c_nationkey INNER JOIN region AS T3 ON T1.n_regionkey = T3.r_regionkey WHERE T2.c_acctbal < 0 AND T3.r_name = 'ASIA',"SELECT COUNT(*) 
FROM customer 
JOIN nation ON customer.c_nationkey = nation.n_nationkey 
JOIN region ON nation.n_regionkey = region.r_regionkey 
WHERE region.r_name = 'ASIA' AND customer.c_acctbal < 0;",True
"Among the customers with an account balance lower than 4000, what is the percentage of the customers in the US?","SELECT CAST(SUM(IIF(T2.n_name = 'United States', 1, 0)) AS REAL) * 100 / COUNT(T1.c_custkey) FROM customer AS T1 INNER JOIN nation AS T2 ON T1.c_nationkey = T2.n_nationkey WHERE T1.c_acctbal < 4000",,skipped
List the order key of the orders with a total price between 200000 and 300000.,SELECT o_orderkey FROM orders WHERE o_totalprice BETWEEN 200000 AND 300000,"SELECT o_orderkey 
FROM orders 
WHERE o_totalprice BETWEEN 200000 AND 300000;",True
List the country name of the customers in the building marketing segment with an account balance greater than 80% of the average account balance of all customers.,SELECT T2.n_name FROM customer AS T1 INNER JOIN nation AS T2 ON T1.c_nationkey = T2.n_nationkey INNER JOIN ( SELECT AVG(c_acctbal) * 0.8 AS avg_acctbal FROM customer ) AS T3 WHERE T1.c_acctbal > T3.avg_acctbal,,skipped
How many orders in 1998 had a total price under 950?,"SELECT COUNT(o_orderkey) AS countorders FROM orders WHERE STRFTIME('%Y', o_orderdate) = '1998' AND o_totalprice < 950","SELECT COUNT(*) 
FROM orders 
WHERE o_orderdate >= '1998-01-01' AND o_orderdate < '1999-01-01' AND o_totalprice < 950;",True
"How many items were shipped on 4th December, 1993?",SELECT COUNT(l_linenumber) FROM lineitem WHERE l_shipdate = '1993-12-04',"SELECT COUNT(*) 
FROM lineitem 
WHERE l_shipdate = '1993-12-04';",True
How many customers are in Brazil?,SELECT COUNT(T1.c_custkey) FROM customer AS T1 INNER JOIN nation AS T2 ON T1.c_nationkey = T2.n_nationkey WHERE T2.n_name = 'BRAZIL',"SELECT COUNT(*) 
FROM customer 
JOIN nation ON customer.c_nationkey = nation.n_nationkey 
WHERE nation.n_name = 'BRAZIL';",True
"In 1997, how many orders were shipped via mail?","SELECT COUNT(l_orderkey) FROM lineitem WHERE STRFTIME('%Y', l_shipdate) = '1997' AND l_shipmode = 'MAIL'","SELECT COUNT(*) 
FROM orders 
JOIN lineitem ON orders.o_orderkey = lineitem.l_orderkey 
WHERE EXTRACT(YEAR FROM orders.o_orderdate) = 1997 AND lineitem.l_shipmode = 'MAIL';",False
How many customers are in the automobile market segment?,SELECT COUNT(c_custkey) FROM customer WHERE c_mktsegment = 'AUTOMOBILE',"SELECT COUNT(*) 
FROM customer 
WHERE c_mktsegment = 'AUTOMOBILE';",True
What are the names of the parts that were ordered by customer 110942?,SELECT T3.p_name FROM orders AS T1 INNER JOIN lineitem AS T2 ON T1.o_orderkey = T2.l_orderkey INNER JOIN part AS T3 ON T2.l_partkey = T3.p_partkey WHERE T1.o_custkey = 110942,"SELECT DISTINCT p.p_name
FROM part p
JOIN lineitem l ON p.p_partkey = l.l_partkey
JOIN orders o ON l.l_orderkey = o.o_orderkey
WHERE o.o_custkey = 110942;",True
Please list any three line item numbers that have 10% off.,SELECT l_linenumber FROM lineitem WHERE l_discount = 0.1 LIMIT 3,"SELECT l_linenumber 
FROM lineitem 
WHERE l_discount = 0.10 
LIMIT 3;",True
Please list the names of all the suppliers for the part with the highest retail price.,SELECT T3.s_phone FROM part AS T1 INNER JOIN partsupp AS T2 ON T1.p_partkey = T2.ps_partkey INNER JOIN supplier AS T3 ON T2.ps_suppkey = T3.s_suppkey WHERE T1.p_name = 'hot spring dodger dim light' ORDER BY T1.p_size DESC LIMIT 1,"SELECT s_name 
FROM supplier 
WHERE s_suppkey IN (
    SELECT ps_suppkey 
    FROM partsupp 
    WHERE ps_partkey = (
        SELECT p_partkey 
        FROM part 
        ORDER BY p_retailprice DESC 
        LIMIT 1
    )
);",False
"Which supplier can provide the most number of ""hot spring dodger dim light""? Please give the supplier's phone number.",SELECT T3.s_phone FROM part AS T1 INNER JOIN partsupp AS T2 ON T1.p_partkey = T2.ps_partkey INNER JOIN supplier AS T3 ON T2.ps_suppkey = T3.s_suppkey WHERE T1.p_name = 'hot spring dodger dim light' ORDER BY T2.ps_availqty DESC LIMIT 1,"SELECT s_phone 
FROM supplier 
WHERE s_suppkey = (
    SELECT ps_suppkey 
    FROM partsupp 
    JOIN part ON partsupp.ps_partkey = part.p_partkey 
    WHERE p_name = 'hot spring dodger dim light' 
    GROUP BY ps_suppkey 
    ORDER BY SUM(ps_availqty) DESC 
    LIMIT 1
);",True
How much is the part supply cost for the medium metallic grey dodger linen?,SELECT T2.ps_supplycost FROM part AS T1 INNER JOIN partsupp AS T2 ON T1.p_partkey = T2.ps_partkey WHERE T1.p_name = 'medium metallic grey dodger linen',"SELECT ps_supplycost 
FROM partsupp 
JOIN part ON partsupp.ps_partkey = part.p_partkey 
WHERE part.p_name = 'medium metallic grey dodger linen';",True
How many orders of more than 10 items have been returned?,SELECT COUNT(l_linenumber) FROM lineitem WHERE l_quantity > 10 AND l_returnflag = 'R',"SELECT COUNT(*) 
FROM lineitem 
WHERE l_quantity > 10 AND l_returnflag = 'R';",True
"What is the nationality of ""Customer#000000055""?",SELECT T2.n_name FROM customer AS T1 INNER JOIN nation AS T2 ON T1.c_name = 'Customer#000000055',"SELECT n.n_name 
FROM customer c 
JOIN nation n ON c.c_nationkey = n.n_nationkey 
WHERE c.c_name = 'Customer#000000055';",False
"Among the items shipped in 1994 via truck, how many items were returned?","SELECT COUNT(l_orderkey) FROM lineitem WHERE STRFTIME('%Y', l_shipdate) = '1994' AND l_returnflag = 'R' AND l_shipmode = 'TRUCK'","SELECT COUNT(*) AS returned_items_count
FROM lineitem
WHERE l_shipdate BETWEEN '1994-01-01' AND '1994-12-31'
  AND l_shipmode = 'truck'
  AND l_returnflag = 'R';",False
What is the difference between the number of returned items and not returned items with the full price of under 16947.7?,"SELECT SUM(IIF(l_returnflag = 'A', 1, 0)) - SUM(IIF(l_returnflag = 'N', 1, 0)) AS diff FROM lineitem WHERE l_extendedprice < 16947.7",,skipped
What percentage of customers from the African region is in the household segment?,"SELECT CAST(SUM(IIF(T2.r_name = 'AFRICA', 1, 0)) AS REAL) * 100 / COUNT(T1.n_nationkey) FROM nation AS T1 INNER JOIN region AS T2 ON T1.n_regionkey = T2.r_regionkey INNER JOIN customer AS T3 ON T1.n_nationkey = T3.c_nationkey WHERE T3.c_mktsegment = 'HOUSEHOLD'",,skipped
List by their id all customers who have a debit balance in their accounts.,SELECT c_custkey FROM customer WHERE c_acctbal < 0,"SELECT c_custkey 
FROM customer 
WHERE c_acctbal < 0;",True
How many of the items are instructed to be delivered in person?,SELECT COUNT(l_linenumber) FROM lineitem WHERE l_shipinstruct = 'DELIVER IN PERSON',"SELECT COUNT(*) 
FROM lineitem 
WHERE l_shipinstruct = 'DELIVER IN PERSON';",True
How many customers from the furniture segments come from Iraq?,SELECT COUNT(T1.c_custkey) FROM customer AS T1 INNER JOIN nation AS T2 ON T1.c_nationkey = T2.n_nationkey WHERE T1.c_mktsegment = 'FURNITURE' AND T2.n_name = 'IRAQ',"SELECT COUNT(*) 
FROM customer 
JOIN nation ON customer.c_nationkey = nation.n_nationkey 
WHERE customer.c_mktsegment = 'FURNITURE' AND nation.n_name = 'IRAQ';",True
Give the percentage of Japanese suppliers whose account is in debt.,"SELECT CAST(SUM(IIF(T2.n_name = 'JAPAN', 1, 0)) AS REAL) * 100 / COUNT(T1.s_name) FROM supplier AS T1 INNER JOIN nation AS T2 ON T1.s_nationkey = T2.n_nationkey WHERE T1.s_acctbal < 0",,skipped
What is the name of the product with the highest retail price?,SELECT p_name FROM part WHERE p_retailprice = ( SELECT MAX(p_retailprice) FROM part ),"SELECT p_name 
FROM part 
ORDER BY p_retailprice DESC 
LIMIT 1;",True
How many suppliers from Germany have left a comment with 'carefully regular packages'?,SELECT COUNT(T1.s_suppkey) FROM supplier AS T1 INNER JOIN nation AS T2 ON T1.s_nationkey = T2.n_nationkey WHERE T2.n_name = 'GERMANY' AND T1.s_comment LIKE '%carefully regular packages%',"SELECT COUNT(*) 
FROM supplier s
JOIN nation n ON s.s_nationkey = n.n_nationkey
WHERE n.n_name = 'GERMANY' AND s.s_comment LIKE '%carefully regular packages%';",True
How many suppliers have their accounts in debt?,SELECT COUNT(s_suppkey) FROM supplier WHERE s_acctbal < 0,"SELECT COUNT(*) 
FROM supplier 
WHERE s_acctbal < 0;",True
How many countries are there in the No.2 region?,SELECT COUNT(n_nationkey) FROM nation WHERE n_regionkey = 2,"SELECT COUNT(*) 
FROM nation 
WHERE n_regionkey = 2;",True
What is the name of the customer with the highest amount of debt?,SELECT c_name FROM customer WHERE c_acctbal = ( SELECT MIN(c_acctbal) FROM customer ),"SELECT c_name 
FROM customer 
ORDER BY c_acctbal DESC 
LIMIT 1;",False
What is the total amount of tax charged for the order placed by customer 88931 on 7/13/994?,SELECT SUM(T2.l_extendedprice * (1 - T2.l_discount) * (1 + T2.l_tax)) FROM orders AS T1 INNER JOIN lineitem AS T2 ON T1.o_orderkey = T2.l_orderkey WHERE T1.o_custkey = 88931 AND T1.o_orderdate = '1994-07-13',"SELECT SUM(l_tax) AS total_tax
FROM lineitem
JOIN orders ON lineitem.l_orderkey = orders.o_orderkey
WHERE orders.o_custkey = 88931 AND orders.o_orderdate = '1994-07-13';",False
How many clients from Mozambique required orders with a low priority order?,SELECT COUNT(T1.c_custkey) FROM customer AS T1 INNER JOIN nation AS T2 ON T1.c_nationkey = T2.n_nationkey INNER JOIN orders AS T3 ON T1.c_custkey = T3.o_custkey WHERE T2.n_name = 'MOZAMBIQUE' AND T3.o_orderpriority = '5-LOW',"SELECT COUNT(DISTINCT c.c_custkey) AS num_clients
FROM customer c
JOIN nation n ON c.c_nationkey = n.n_nationkey
JOIN orders o ON c.c_custkey = o.o_custkey
WHERE n.n_name = 'MOZAMBIQUE' AND o.o_orderpriority = 'LOW';",False
"How many suppliers for the part ""hot spring dodger dim light"" are in Vietnam?",SELECT COUNT(T3.s_name) FROM part AS T1 INNER JOIN partsupp AS T2 ON T1.p_partkey = T2.ps_partkey INNER JOIN supplier AS T3 ON T2.ps_suppkey = T3.s_suppkey INNER JOIN nation AS T4 ON T3.s_nationkey = T4.n_nationkey WHERE T1.p_name = 'hot spring dodger dim light' AND T4.n_name = 'VIETNAM',"SELECT COUNT(*) 
FROM supplier s
JOIN nation n ON s.s_nationkey = n.n_nationkey
JOIN partsupp ps ON s.s_suppkey = ps.ps_suppkey
JOIN part p ON ps.ps_partkey = p.p_partkey
WHERE p.p_name = 'hot spring dodger dim light' AND n.n_name = 'VIETNAM';",True
How many parts have a retail price of over 1900?,SELECT COUNT(p_partkey) FROM part WHERE p_retailprice > 1900,"SELECT COUNT(*) 
FROM part 
WHERE p_retailprice > 1900;",True
"Among the products manufactured by manufacturer 5 that have a retail price of no more than 1,000, how many products were shipped via rail?",SELECT COUNT(T1.ps_partkey) FROM partsupp AS T1 INNER JOIN lineitem AS T2 ON T1.ps_suppkey = T2.l_suppkey INNER JOIN part AS T3 ON T1.ps_partkey = T3.p_partkey WHERE T3.p_mfgr = 'Manufacturer#5' AND T3.p_retailprice < 1000 AND T2.l_shipmode = 'RAIL',"SELECT COUNT(*) 
FROM part p
JOIN lineitem l ON p.p_partkey = l.l_partkey
WHERE p.p_mfgr = 'Manufacturer#5' 
AND p.p_retailprice <= 1000 
AND l.l_shipmode = 'Rail';",False
What is the total number of orders made by customers in United States?,SELECT COUNT(T1.o_orderkey) FROM orders AS T1 INNER JOIN customer AS T2 ON T1.o_custkey = T2.c_custkey INNER JOIN nation AS T3 ON T2.c_nationkey = T3.n_nationkey WHERE T3.n_name = 'UNITED STATES',"SELECT COUNT(*) AS total_orders
FROM orders o
JOIN customer c ON o.o_custkey = c.c_custkey
JOIN nation n ON c.c_nationkey = n.n_nationkey
WHERE n.n_name = 'UNITED STATES';",True
"Which part has a bigger size, ""pink powder drab lawn cyan"" or ""cornflower sky burlywood green beige""?","SELECT T.p_name FROM ( SELECT p_name, p_size FROM part WHERE p_name IN ('pink powder drab lawn cyan', 'cornflower sky burlywood green beige') ) AS T ORDER BY p_size DESC LIMIT 1","SELECT p_name 
FROM part 
WHERE p_size > (
    SELECT p_size 
    FROM part 
    WHERE p_name = 'pink powder drab lawn cyan'
) 
AND p_name = 'cornflower sky burlywood green beige';",False
How many of the line items have been shipped by rail with a quantity less than 30?,SELECT COUNT(l_linenumber) FROM lineitem WHERE l_quantity < 30 AND l_shipmode = 'RAIL',"SELECT COUNT(*) 
FROM lineitem 
WHERE l_shipmode = 'rail' AND l_quantity < 30;",False
"Which part is ordered in a bigger amount in order no.1, ""burnished seashell gainsboro navajo chocolate"" or ""salmon white grey tan navy""?","SELECT T.p_name FROM ( SELECT T2.p_name, SUM(T1.l_quantity) AS num FROM lineitem AS T1 INNER JOIN part AS T2 ON T1.l_partkey = T2.p_partkey WHERE T2.p_name IN ('salmon white grey tan navy', 'burnished seashell gainsboro navajo chocolate') GROUP BY T1.l_partkey ) AS T ORDER BY T.num DESC LIMIT 1",,skipped
When was the order with the highest amount of total price shipped?,SELECT T2.l_shipdate FROM orders AS T1 INNER JOIN lineitem AS T2 ON T1.o_orderkey = T2.l_orderkey ORDER BY T1.o_totalprice DESC LIMIT 1,"SELECT o_orderdate 
FROM orders 
ORDER BY o_totalprice DESC 
LIMIT 1;",False
Please list the phone numbers of all the suppliers for the parts ordered in order no.1.,SELECT T2.s_phone FROM lineitem AS T1 INNER JOIN supplier AS T2 ON T1.l_suppkey = T2.s_suppkey WHERE T1.l_orderkey = 1,"SELECT s.s_phone
FROM supplier s
JOIN partsupp ps ON s.s_suppkey = ps.ps_suppkey
JOIN lineitem l ON ps.ps_partkey = l.l_partkey AND ps.ps_suppkey = l.l_suppkey
WHERE l.l_orderkey = 1;",True
How many part supplies were nearly out of stock?,SELECT COUNT(ps_suppkey) FROM partsupp WHERE ps_availqty < 10,"SELECT COUNT(*) 
FROM partsupp 
WHERE ps_availqty < 10;",True
How many kinds of items are returned in order no.5?,SELECT COUNT(l_linenumber) FROM lineitem WHERE l_orderkey = 5 AND l_returnflag = 'R',"SELECT COUNT(DISTINCT l_partkey) 
FROM lineitem 
WHERE l_orderkey = 5 AND l_returnflag = 'R';",True
Which part and supplier have the most profit?,"SELECT T3.p_name, T4.s_name FROM partsupp AS T1 INNER JOIN lineitem AS T2 ON T1.ps_suppkey = T2.l_suppkey INNER JOIN part AS T3 ON T1.ps_partkey = T3.p_partkey INNER JOIN supplier AS T4 ON T1.ps_suppkey = T4.s_suppkey ORDER BY T2.l_extendedprice * (1 - T2.l_discount) - T1.ps_supplycost * T2.l_quantity DESC LIMIT 1","SELECT p.p_name AS part_name, s.s_name AS supplier_name, MAX(profit) AS max_profit
FROM (
    SELECT l.l_extendedprice * (1 - l.l_discount) - ps.ps_supplycost * l.l_quantity AS profit,
           l.l_partkey, l.l_suppkey
    FROM lineitem l
    JOIN partsupp ps ON l.l_partkey = ps.ps_partkey AND l.l_suppkey = ps.ps_suppkey
) subquery
JOIN part p ON subquery.l_partkey = p.p_partkey
JOIN supplier s ON subquery.l_suppkey = s.s_suppkey
GROUP BY p.p_name, s.s_name;",False
What is the account balance of the supplier with the most parts?,"SELECT T.s_acctbal FROM ( SELECT T1.s_acctbal, COUNT(T2.ps_suppkey) AS num FROM supplier AS T1 INNER JOIN partsupp AS T2 ON T1.s_suppkey = T2.ps_suppkey GROUP BY T1.s_suppkey ) AS T ORDER BY T.num DESC LIMIT 1",,skipped
Please list the phone numbers of all the customers in the household segment and are in Brazil.,SELECT T1.c_phone FROM customer AS T1 INNER JOIN nation AS T2 ON T1.c_nationkey = T2.n_nationkey WHERE T1.c_mktsegment = 'HOUSEHOLD' AND T2.n_name = 'BRAZIL',"SELECT c_phone 
FROM customer 
WHERE c_mktsegment = 'HOUSEHOLD' AND c_nationkey IN (
    SELECT n_nationkey 
    FROM nation 
    WHERE n_name = 'BRAZIL'
);",True
"Among all the customers, what is the percentage of the customer's nation being Germany?","SELECT CAST(SUM(IIF(T2.n_name = 'GERMANY', 1, 0)) AS REAL) * 100 / COUNT(T1.c_custkey) FROM customer AS T1 INNER JOIN nation AS T2 ON T1.c_nationkey = T2.n_nationkey",,skipped
"Which region does ""Supplier#000000129"" belong to?",SELECT T3.r_name FROM nation AS T1 INNER JOIN supplier AS T2 ON T1.n_nationkey = T2.s_nationkey INNER JOIN region AS T3 ON T1.n_regionkey = T3.r_regionkey WHERE T2.s_name = 'Supplier#000000129',"SELECT r_name 
FROM supplier 
JOIN nation ON supplier.s_nationkey = nation.n_nationkey 
JOIN region ON nation.n_regionkey = region.r_regionkey 
WHERE supplier.s_name = 'Supplier#000000129';",True
"What is the lowest supply cost for the part ""hot spring dodger dim light""?",SELECT MIN(T1.ps_supplycost) FROM partsupp AS T1 INNER JOIN part AS T2 ON T1.ps_partkey = T2.p_partkey WHERE T2.p_name = 'hot spring dodger dim light',"SELECT MIN(ps_supplycost) 
FROM partsupp 
JOIN part ON partsupp.ps_partkey = part.p_partkey 
WHERE part.p_name = 'hot spring dodger dim light';",True
"Among the products under the type ""promo brushed steel"", how many of them are manufactured by Manufacturer#5?",SELECT COUNT(p_partkey) FROM part WHERE p_type = 'PROMO BRUSHED STEEL' AND p_mfgr = 'Manufacturer#5',"SELECT COUNT(*) 
FROM part 
WHERE p_type = 'promo brushed steel' AND p_mfgr = 'Manufacturer#5';",False
"What is the discounted price of the part ""burnished seashell gainsboro navajo chocolate"" in order no.1?",SELECT T1.l_extendedprice * (1 - T1.l_discount) FROM lineitem AS T1 INNER JOIN part AS T2 ON T1.l_partkey = T2.p_partkey WHERE T2.p_name = 'burnished seashell gainsboro navajo chocolate' AND T1.l_orderkey = 1,"SELECT l_extendedprice * (1 - l_discount) AS discounted_price
FROM lineitem
JOIN part ON lineitem.l_partkey = part.p_partkey
WHERE part.p_name = 'burnished seashell gainsboro navajo chocolate'
AND lineitem.l_orderkey = 1;",True
Give the name and phone number of the customers who have more than 9000 account balance.,"SELECT c_name, c_phone FROM customer WHERE c_acctbal > 9000","SELECT c_name, c_phone 
FROM customer 
WHERE c_acctbal > 9000;",True
How many urgent orders were shipped the next day?,SELECT COUNT(T2.o_orderkey) FROM lineitem AS T1 INNER JOIN orders AS T2 ON T2.o_orderkey = T1.l_orderkey WHERE JULIANDAY(T1.l_shipdate) - JULIANDAY(T2.o_orderdate) = 1 AND T2.o_orderpriority = '1-URGENT',,skipped
Calculate the percentage of manufactured parts by Manufacturer#3.,"SELECT CAST(SUM(IIF(p_mfgr = 'Manufacturer#3', 1, 0)) AS REAL) * 100 / COUNT(p_partkey) FROM part",,skipped
To which segment belongs the customer that made the most orders in April 1994?,"SELECT T.c_mktsegment FROM ( SELECT T2.c_mktsegment, COUNT(T1.o_orderkey) AS num FROM orders AS T1 INNER JOIN customer AS T2 ON T1.o_custkey = T2.c_custkey WHERE T1.o_orderdate LIKE '1994-04-%' GROUP BY T1.o_custkey ) AS T ORDER BY T.num DESC LIMIT 1",,skipped
List all the dates of the urgent orders.,SELECT o_orderdate FROM orders WHERE o_orderpriority = '1-URGENT',"SELECT o_orderdate 
FROM orders 
WHERE o_orderpriority = 'Urgent';",False
Give the phone number of the customer with the highest account balance.,SELECT c_phone FROM customer ORDER BY c_acctbal DESC LIMIT 1,"SELECT c_phone 
FROM customer 
ORDER BY c_acctbal DESC 
LIMIT 1;",True
Which nation and region does the Customer#000000008 come from?,"SELECT T1.n_name, T3.r_name FROM nation AS T1 INNER JOIN customer AS T2 ON T1.n_nationkey = T2.c_nationkey INNER JOIN region AS T3 ON T1.n_regionkey = T3.r_regionkey WHERE T2.c_name = 'Customer#000000008'","SELECT n.n_name AS nation, r.r_name AS region
FROM customer c
JOIN nation n ON c.c_nationkey = n.n_nationkey
JOIN region r ON n.n_regionkey = r.r_regionkey
WHERE c.c_name = 'Customer#000000008';",True
Which country has the least number of suppliers?,SELECT T2.n_name FROM supplier AS T1 INNER JOIN nation AS T2 ON T1.s_nationkey = T2.n_nationkey GROUP BY T1.s_nationkey ORDER BY COUNT(T1.s_name) LIMIT 1,,skipped
Calculate the percentage of countries that belong to the American region.,"SELECT CAST(SUM(IIF(T1.r_name = 'America', 1, 0)) AS REAL) * 100 / COUNT(T2.n_name) FROM region AS T1 INNER JOIN nation AS T2 ON T1.r_regionkey = T2.n_regionkey",,skipped
What is the delivery time and the clerk of order number 6?,"SELECT JULIANDAY(T2.l_receiptdate) - JULIANDAY(T2.l_commitdate), T1.o_clerk FROM orders AS T1 INNER JOIN lineitem AS T2 ON T1.o_orderkey = T2.l_orderkey WHERE T1.o_orderkey = 6",,skipped
What is the average number of items shipped each day in April of 1994?,SELECT AVG(l_linenumber) FROM lineitem WHERE l_shipdate BETWEEN '1994-01-01' AND '1994-01-30',"SELECT AVG(daily_count) AS avg_items_shipped_per_day
FROM (
    SELECT COUNT(*) AS daily_count
    FROM lineitem
    WHERE l_shipdate >= '1994-04-01' AND l_shipdate < '1994-05-01'
    GROUP BY l_shipdate
) AS daily_counts;",False
How many items that were shipped via air were returned in 1994?,"SELECT COUNT(l_linenumber) FROM lineitem WHERE l_returnflag = 'R' AND l_shipmode = 'AIR' AND STRFTIME('%Y', l_shipdate) = '1994'","SELECT COUNT(*) 
FROM lineitem 
WHERE l_shipmode = 'AIR' 
AND l_returnflag = 'R' 
AND YEAR(l_receiptdate) = 1994;",False
What is the name of the customer whose order was delivered the longest?,SELECT T3.c_name FROM orders AS T1 INNER JOIN lineitem AS T2 ON T1.o_orderkey = T2.l_orderkey INNER JOIN customer AS T3 ON T1.o_custkey = T3.c_custkey ORDER BY (JULIANDAY(T2.l_receiptdate) - JULIANDAY(T2.l_commitdate)) DESC LIMIT 1,,skipped
"Among all the suppliers in debt, how many of them are in Europe?",SELECT COUNT(T1.n_nationkey) FROM nation AS T1 INNER JOIN region AS T2 ON T1.n_regionkey = T2.r_regionkey INNER JOIN supplier AS T3 ON T1.n_nationkey = T3.s_nationkey WHERE T2.r_name = 'EUROPE' AND T3.s_acctbal < 0,"SELECT COUNT(*) 
FROM supplier s
JOIN nation n ON s.s_nationkey = n.n_nationkey
JOIN region r ON n.n_regionkey = r.r_regionkey
WHERE s.s_acctbal < 0 AND r.r_name = 'EUROPE';",True
"Customer No.129301 made an order on 1996/7/27, what was the delivery time for the first part of that order?",SELECT JULIANDAY(T2.l_receiptdate) - JULIANDAY(T2.l_commitdate) FROM orders AS T1 INNER JOIN lineitem AS T2 ON T1.o_orderkey = T2.l_orderkey WHERE T1.o_custkey = '129301' AND T1.o_orderdate = '1996-07-27',,skipped
"In the parts shipped by rail, how many are of medium priority?",SELECT COUNT(T2.l_partkey) FROM orders AS T1 INNER JOIN lineitem AS T2 ON T1.o_orderkey = T2.l_orderkey WHERE T2.l_shipmode = 'RAIL' AND T1.o_orderpriority = '3-MEDIUM',"SELECT COUNT(*) 
FROM lineitem 
JOIN orders ON lineitem.l_orderkey = orders.o_orderkey 
WHERE lineitem.l_shipmode = 'rail' AND orders.o_orderpriority = 'MEDIUM';",False
"What are the names of the parts that have a part supply cost of at least 1,000?",SELECT T1.p_name FROM part AS T1 INNER JOIN partsupp AS T2 ON T1.p_partkey = T2.ps_partkey WHERE T2.ps_supplycost > 1000,"SELECT p.p_name 
FROM part p 
JOIN partsupp ps ON p.p_partkey = ps.ps_partkey 
WHERE ps.ps_supplycost >= 1000;",False
"Among all the customers in Germany, how many of them have an account balance of over 1000?",SELECT COUNT(T1.c_custkey) FROM customer AS T1 INNER JOIN nation AS T2 ON T1.c_nationkey = T2.n_nationkey WHERE T2.n_name = 'GERMANY' AND T1.c_acctbal > 1000,"SELECT COUNT(*) 
FROM customer 
JOIN nation ON customer.c_nationkey = nation.n_nationkey 
WHERE nation.n_name = 'GERMANY' AND customer.c_acctbal > 1000;",True
"Which nation does the supplier with the account balance of ""4393.04"" belong to?",SELECT T2.n_name FROM supplier AS T1 INNER JOIN nation AS T2 ON T1.s_nationkey = T2.n_nationkey WHERE T1.s_acctbal = 4393.04,"SELECT n.n_name 
FROM nation n 
JOIN supplier s ON n.n_nationkey = s.s_nationkey 
WHERE s.s_acctbal = 4393.04;",True
"Among the suppliers providing parts under the type ""promo brushed steel"", how many of them are in debt?",SELECT COUNT(T3.s_name) FROM part AS T1 INNER JOIN partsupp AS T2 ON T1.p_partkey = T2.ps_partkey INNER JOIN supplier AS T3 ON T2.ps_suppkey = T3.s_suppkey WHERE T3.s_acctbal < 0 AND T1.p_type = 'PROMO BRUSHED STEEL',"SELECT COUNT(DISTINCT s_suppkey) 
FROM supplier 
WHERE s_acctbal < 0 
AND s_suppkey IN (
    SELECT ps_suppkey 
    FROM partsupp 
    WHERE ps_partkey IN (
        SELECT p_partkey 
        FROM part 
        WHERE p_type = 'promo brushed steel'
    )
);",False
"In the parts supply by Supplier#000000654, list the top five parts with the most supply cost in descending order of supply cost.",SELECT T2.ps_partkey FROM supplier AS T1 INNER JOIN partsupp AS T2 ON T1.s_suppkey = T2.ps_suppkey WHERE T1.s_name = 'Supplier#000000654' ORDER BY T2.ps_supplycost DESC LIMIT 5,"SELECT p.p_name, ps.ps_supplycost
FROM part p
JOIN partsupp ps ON p.p_partkey = ps.ps_partkey
WHERE ps.ps_suppkey = 654
ORDER BY ps.ps_supplycost DESC
LIMIT 5;",False
What percentage of customers from France is in the automobile segment?,"SELECT CAST(SUM(IIF(T1.c_mktsegment = 'AUTOMOBILE', 1, 0)) AS REAL) * 100 / COUNT(T1.c_name) FROM customer AS T1 INNER JOIN nation AS T2 ON T1.c_nationkey = T2.n_nationkey WHERE T2.n_name = 'FRANCE'",,skipped
"The part ""hot spring dodger dim light"" is ordered in how many orders?",SELECT COUNT(T1.p_partkey) FROM part AS T1 INNER JOIN lineitem AS T2 ON T1.p_partkey = T2.l_partkey WHERE T1.p_name = 'hot spring dodger dim light',"SELECT COUNT(*) AS order_count
FROM lineitem
JOIN part ON lineitem.l_partkey = part.p_partkey
WHERE part.p_name = 'hot spring dodger dim light';",True
"What is the total quantity available by all suppliers for the part ""hot spring dodger dim light""?",SELECT SUM(T1.ps_availqty) FROM partsupp AS T1 INNER JOIN part AS T2 ON T1.ps_partkey = T2.p_partkey WHERE T2.p_name = 'hot spring dodger dim light',"SELECT SUM(ps_availqty) AS total_quantity_available
FROM partsupp ps
JOIN part p ON ps.ps_partkey = p.p_partkey
WHERE p.p_name = 'hot spring dodger dim light';",True
What is the comment of the order with the highest total price?,SELECT o_comment FROM orders WHERE o_totalprice = ( SELECT MAX(o_totalprice) FROM orders ),"SELECT o_comment 
FROM orders 
ORDER BY o_totalprice DESC 
LIMIT 1;",True
"Please list all the brands that contain a part under the type ""promo brushed steel"".",SELECT p_brand FROM part WHERE p_type = 'PROMO BRUSHED STEEL',"SELECT DISTINCT p_brand 
FROM part 
WHERE p_type = 'promo brushed steel';",False
"Among all the parts under the type ""promo brushed steel"", how many of them have a total available quantity from all suppliers of under 5000?",SELECT SUM(num) FROM ( SELECT COUNT(T3.s_name) AS num FROM part AS T1 INNER JOIN partsupp AS T2 ON T1.p_partkey = T2.ps_partkey INNER JOIN supplier AS T3 ON T2.ps_suppkey = T3.s_suppkey WHERE T1.p_type = 'PROMO BRUSHED STEEL' GROUP BY T2.ps_partkey HAVING SUM(T2.ps_availqty) < 5000 ) T,"SELECT COUNT(*) 
FROM part p
JOIN partsupp ps ON p.p_partkey = ps.ps_partkey
WHERE p.p_type = 'promo brushed steel'
GROUP BY p.p_partkey
HAVING SUM(ps.ps_availqty) < 5000;",False
"Find the supply key of the top ten suppliers with the most account balance, and list the supply key along with the account balance in descending order of account balance.","SELECT s_suppkey, s_acctbal FROM supplier ORDER BY s_acctbal DESC LIMIT 10","SELECT s_suppkey, s_acctbal
FROM supplier
ORDER BY s_acctbal DESC
LIMIT 10;",True
"Among all the orders made by a customer in the household segment, what is the highest total price?",SELECT MAX(T1.o_totalprice) FROM orders AS T1 INNER JOIN customer AS T2 ON T1.o_custkey = T2.c_custkey WHERE T2.c_mktsegment = 'HOUSEHOLD',"SELECT MAX(o_totalprice) AS max_total_price
FROM orders
JOIN customer ON orders.o_custkey = customer.c_custkey
WHERE customer.c_mktsegment = 'HOUSEHOLD';",True
List by order number the 3 items with the lowest price after applying the discount.,SELECT l_orderkey FROM lineitem ORDER BY l_extendedprice * (1 - l_discount) LIMIT 3,"SELECT l_orderkey, l_partkey, (l_extendedprice * (1 - l_discount)) AS discounted_price
FROM lineitem
ORDER BY discounted_price ASC
LIMIT 3;",False
Which market segment does the customer with the highest amount of debt belongs to?,SELECT c_mktsegment FROM customer WHERE c_acctbal = ( SELECT MIN(c_acctbal) FROM customer ),"SELECT c_mktsegment 
FROM customer 
ORDER BY c_acctbal DESC 
LIMIT 1;",False
"Among the customers from the United States, which market segment has the highest number of customers?","SELECT T.c_mktsegment FROM ( SELECT T1.c_mktsegment, COUNT(T1.c_custkey) AS num FROM customer AS T1 INNER JOIN nation AS T2 ON T1.c_nationkey = T2.n_nationkey WHERE T2.n_name = 'UNITED STATES' GROUP BY T1.c_mktsegment ) AS T ORDER BY T.num DESC LIMIT 1","SELECT c_mktsegment
FROM customer
JOIN nation ON customer.c_nationkey = nation.n_nationkey
WHERE nation.n_name = 'UNITED STATES'
GROUP BY c_mktsegment
ORDER BY COUNT(*) DESC
LIMIT 1;",True
How many parts have a jumbo case container?,SELECT COUNT(p_partkey) FROM part WHERE p_container = 'JUMBO CASE',"SELECT COUNT(*) 
FROM part 
WHERE p_container = 'JUMBO CASE';",True
"On which date was the part ""burnished seashell gainsboro navajo chocolate"" in order no.1 shipped?",SELECT T1.l_shipdate FROM lineitem AS T1 INNER JOIN part AS T2 ON T1.l_partkey = T2.p_partkey WHERE T1.l_orderkey = 1 AND T2.p_name = 'burnished seashell gainsboro navajo chocolate',"SELECT l.l_shipdate 
FROM lineitem l 
JOIN part p ON l.l_partkey = p.p_partkey 
JOIN orders o ON l.l_orderkey = o.o_orderkey 
WHERE p.p_name = 'burnished seashell gainsboro navajo chocolate' AND o.o_orderkey = 1;",True
"Please list all the modes of shipping for the part ""burnished seashell gainsboro navajo chocolate"".",SELECT DISTINCT T1.l_shipmode FROM lineitem AS T1 INNER JOIN part AS T2 ON T1.l_partkey = T2.p_partkey WHERE T2.p_name = 'burnished seashell gainsboro navajo chocolate',"SELECT DISTINCT l.l_shipmode
FROM lineitem l
JOIN part p ON l.l_partkey = p.p_partkey
WHERE p.p_name = 'burnished seashell gainsboro navajo chocolate';",True
"Among the products that have a retail price greater than 1,000, how many products were shipped via ship?",SELECT COUNT(T1.ps_suppkey) FROM partsupp AS T1 INNER JOIN lineitem AS T2 ON T1.ps_suppkey = T2.l_suppkey INNER JOIN part AS T3 ON T1.ps_partkey = T3.p_partkey WHERE T3.p_retailprice > 1000 AND T2.l_shipmode = 'SHIP',"SELECT COUNT(*) 
FROM part p
JOIN lineitem l ON p.p_partkey = l.l_partkey
WHERE p.p_retailprice > 1000 AND l.l_shipmode = 'ship';",False
Please list any three customers with debt.,SELECT c_name FROM customer WHERE c_acctbal < 0 LIMIT 3,"SELECT c_name 
FROM customer 
WHERE c_acctbal < 0 
LIMIT 3;",True
"Among the customers from Brazil, how many customers are in automobile market segment?",SELECT COUNT(T1.c_custkey) FROM customer AS T1 INNER JOIN nation AS T2 ON T1.c_nationkey = T2.n_nationkey WHERE T1.c_mktsegment = 'AUTOMOBILE' AND T2.n_name = 'BRAZIL',"SELECT COUNT(*) 
FROM customer 
JOIN nation ON customer.c_nationkey = nation.n_nationkey 
WHERE nation.n_name = 'BRAZIL' AND customer.c_mktsegment = 'AUTOMOBILE';",True
Please indicate the names of customers whose orders are eligible for 10% discount with order dates between 1/1/1994 and 1/1/1995.,"SELECT T3.c_name FROM orders AS T1 INNER JOIN lineitem AS T2 ON T1.o_orderkey = T2.l_orderkey INNER JOIN customer AS T3 ON T1.o_custkey = T3.c_custkey WHERE T2.l_discount = 0.1 AND STRFTIME('%Y', T1.o_orderdate) BETWEEN 1994 AND 1995",,skipped
Please indicate the names of the customers whose order with a total price over $300000.,SELECT T2.c_name FROM orders AS T1 INNER JOIN customer AS T2 ON T1.o_custkey = T2.c_custkey WHERE T1.o_totalprice > 300000,"SELECT DISTINCT c.c_name
FROM customer c
JOIN orders o ON c.c_custkey = o.o_custkey
WHERE o.o_totalprice > 300000;",False
"How many items shipped by REG AIR were ordered on March 22, 1995?",SELECT COUNT(T1.o_orderkey) FROM orders AS T1 INNER JOIN lineitem AS T2 ON T1.o_orderkey = T2.l_orderkey WHERE T2.l_shipmode = 'REG AIR' AND T1.o_orderdate = '1995-03-22',"SELECT COUNT(*) 
FROM lineitem 
WHERE l_shipmode = 'REG AIR' 
AND l_orderkey IN (
    SELECT o_orderkey 
    FROM orders 
    WHERE o_orderdate = '1995-03-22'
);",True
How many customers in the machinery segment are in debt?,SELECT COUNT(c_custkey) FROM customer WHERE c_acctbal < 0 AND c_mktsegment = 'MACHINERY',"SELECT COUNT(*) 
FROM customer 
WHERE c_mktsegment = 'MACHINERY' AND c_acctbal < 0;",True
Provide the nation and region of the customer with the address of wH55UnX7 VI?,"SELECT T1.n_name, T3.r_name FROM nation AS T1 INNER JOIN customer AS T2 ON T1.n_nationkey = T2.c_nationkey INNER JOIN region AS T3 ON T1.n_regionkey = T3.r_regionkey WHERE T2.c_address = 'wH55UnX7 VI'","SELECT n.n_name AS nation, r.r_name AS region
FROM customer c
JOIN nation n ON c.c_nationkey = n.n_nationkey
JOIN region r ON n.n_regionkey = r.r_regionkey
WHERE c.c_address = 'wH55UnX7 VI';",True
Find and list the part key of the parts which has an above-average retail price.,SELECT p_partkey FROM part WHERE p_retailprice > ( SELECT AVG(p_retailprice) FROM part ),"SELECT p_partkey 
FROM part 
WHERE p_retailprice > (SELECT AVG(p_retailprice) FROM part);",True
What was the order date of items with the highest total price?,SELECT o_orderdate FROM orders WHERE o_totalprice = ( SELECT MAX(o_totalprice) FROM orders ),"SELECT o_orderdate 
FROM orders 
WHERE o_totalprice = (SELECT MAX(o_totalprice) FROM orders);",True
"Among the customers from Morocco, how many customers were in debt?",SELECT COUNT(T1.c_custkey) FROM customer AS T1 INNER JOIN nation AS T2 ON T1.c_nationkey = T2.n_nationkey WHERE T1.c_acctbal < 0 AND T2.n_name = 'MOROCCO',"SELECT COUNT(*) 
FROM customer 
JOIN nation ON customer.c_nationkey = nation.n_nationkey 
WHERE nation.n_name = 'MOROCCO' AND customer.c_acctbal < 0;",True
What percentage of customers engaged in the household segment are from Iran?,"SELECT CAST(SUM(IIF(T2.n_name = 'IRAN', 1, 0)) AS REAL) * 100 / COUNT(T2.n_name) FROM customer AS T1 INNER JOIN nation AS T2 ON T1.c_nationkey = T2.n_nationkey WHERE T1.c_mktsegment = 'HOUSEHOLD'",,skipped
"Among the orders made by customers in the household segment, how many of them are urgent?",SELECT COUNT(T1.o_orderpriority) FROM orders AS T1 INNER JOIN customer AS T2 ON T1.o_custkey = T2.c_custkey WHERE T2.c_mktsegment = 'HOUSEHOLD' AND T1.o_orderpriority = '1-URGENT',"SELECT COUNT(*) 
FROM orders o 
JOIN customer c ON o.o_custkey = c.c_custkey 
WHERE c.c_mktsegment = 'HOUSEHOLD' AND o.o_orderpriority = 'URGENT';",False
Calculate the total price of orders by Customer#000000013.,SELECT SUM(T1.o_totalprice) FROM orders AS T1 INNER JOIN customer AS T2 ON T1.o_custkey = T2.c_custkey WHERE T2.c_name = 'Customer#000000013',"SELECT SUM(o_totalprice) AS total_price
FROM orders
WHERE o_custkey = 13;",True
"Among the orders made by customers in Germany, which one of them has the highest priority in delivery? Please give its order key.",SELECT T3.o_orderkey FROM nation AS T1 INNER JOIN customer AS T2 ON T1.n_nationkey = T2.c_nationkey INNER JOIN orders AS T3 ON T2.c_custkey = T3.o_custkey WHERE T1.n_name = 'GERMANY' ORDER BY T3.o_orderdate LIMIT 1,"SELECT o_orderkey 
FROM orders 
JOIN customer ON orders.o_custkey = customer.c_custkey 
JOIN nation ON customer.c_nationkey = nation.n_nationkey 
WHERE nation.n_name = 'GERMANY' 
ORDER BY o_shippriority DESC 
LIMIT 1;",False
"Among the parts supplied by Supplier#000000018, provide parts names which had supply costs above 900.",SELECT T2.p_name FROM partsupp AS T1 INNER JOIN part AS T2 ON T1.ps_partkey = T2.p_partkey INNER JOIN supplier AS T3 ON T1.ps_suppkey = T3.s_suppkey WHERE T1.ps_supplycost > 900 AND T3.s_name = 'Supplier#000000018',"SELECT p.p_name 
FROM part p 
JOIN partsupp ps ON p.p_partkey = ps.ps_partkey 
WHERE ps.ps_suppkey = 18 AND ps.ps_supplycost > 900;",True
"How many customers in the building segments have orders with a total price of no less than 50,000?",SELECT COUNT(T2.c_name) FROM orders AS T1 INNER JOIN customer AS T2 ON T1.o_custkey = T2.c_custkey WHERE T2.c_mktsegment = 'BUILDING' AND T1.o_totalprice > 50000,"SELECT COUNT(DISTINCT c.c_custkey) 
FROM customer c 
JOIN orders o ON c.c_custkey = o.o_custkey 
WHERE c.c_mktsegment = 'BUILDING' AND o.o_totalprice >= 50000;",False
Calculates the profit processed by Supplier No. 7414 on order No. 817154.,SELECT T1.l_extendedprice * (1 - T1.l_discount) - T2.ps_supplycost * T1.l_quantity FROM lineitem AS T1 INNER JOIN partsupp AS T2 ON T1.l_suppkey = T2.ps_suppkey WHERE T1.l_suppkey = 7414 AND T1.l_orderkey = 817154,"SELECT 
    (l_extendedprice * (1 - l_discount)) - ps_supplycost AS profit
FROM 
    lineitem
JOIN 
    partsupp ON lineitem.l_suppkey = partsupp.ps_suppkey AND lineitem.l_partkey = partsupp.ps_partkey
WHERE 
    lineitem.l_orderkey = 817154 AND partsupp.ps_suppkey = 7414;",False
Please list the order keys of all the orders that have more than 2 parts with a jumbo case container.,"SELECT T.l_orderkey FROM ( SELECT T2.l_orderkey, COUNT(T2.l_partkey) AS num FROM part AS T1 INNER JOIN lineitem AS T2 ON T1.p_partkey = T2.l_partkey WHERE T1.p_container = 'JUMBO CASE' GROUP BY T2.l_orderkey ) AS T WHERE T.num > 2","SELECT o.o_orderkey
FROM orders o
JOIN lineitem l ON o.o_orderkey = l.l_orderkey
JOIN part p ON l.l_partkey = p.p_partkey
WHERE p.p_container = 'JUMBO CASE'
GROUP BY o.o_orderkey
HAVING COUNT(DISTINCT p.p_partkey) > 2;",True
What is the profit for part no.98768 in order no.1?,SELECT T1.l_extendedprice * (1 - T1.l_discount) - T2.ps_supplycost * T1.l_quantity FROM lineitem AS T1 INNER JOIN partsupp AS T2 ON T1.l_suppkey = T2.ps_suppkey WHERE T1.l_orderkey = 1 AND T1.l_partkey = 98768,"SELECT 
    (l_extendedprice * (1 - l_discount)) - ps_supplycost AS profit
FROM 
    lineitem
JOIN 
    partsupp ON lineitem.l_suppkey = partsupp.ps_suppkey AND lineitem.l_partkey = partsupp.ps_partkey
WHERE 
    lineitem.l_orderkey = 1 AND lineitem.l_partkey = 98768;",False
Calculate the difference in the average number of low-priority orders shipped by truck in each month of 1995 and 1996.,"SELECT (CAST(SUM(IIF(STRFTIME('%Y', T2.l_shipdate) = 1995, 1, 0)) AS REAL) / 12) - (CAST(SUM(IIF(STRFTIME('%Y', T2.l_shipdate) = 1996, 1, 0)) AS REAL) / 12) FROM orders AS T1 INNER JOIN lineitem AS T2 ON T1.o_orderkey = T2.l_orderkey WHERE T1.o_orderpriority = '5-LOW' AND T2.l_shipmode = 'TRUCK'",,skipped
What are the top 5 nations of suppliers with the lowest account balance?,SELECT T2.n_name FROM supplier AS T1 INNER JOIN nation AS T2 ON T1.s_nationkey = T2.n_nationkey ORDER BY T1.s_acctbal LIMIT 1,"SELECT n_name 
FROM nation 
JOIN supplier ON nation.n_nationkey = supplier.s_nationkey 
ORDER BY s_acctbal ASC 
LIMIT 5;",False
"How many countries are there in the region whose comment description is ""asymptotes sublate after the r.""",SELECT COUNT(T1.n_nationkey) FROM nation AS T1 INNER JOIN region AS T2 ON T1.n_regionkey = T2.r_regionkey WHERE T2.r_comment = 'asymptotes sublate after the r',"SELECT COUNT(*) 
FROM nation 
WHERE n_regionkey IN (
    SELECT r_regionkey 
    FROM region 
    WHERE r_comment = 'asymptotes sublate after the r.'
);",False
List the names of customers whose accounts are in debt.,SELECT c_name FROM customer WHERE c_acctbal < 0,"SELECT c_name 
FROM customer 
WHERE c_acctbal < 0;",True
List all the nations in Europe.,SELECT T2.n_name FROM region AS T1 INNER JOIN nation AS T2 ON T1.r_regionkey = T2.n_regionkey WHERE T1.r_name = 'EUROPE',"SELECT n_name 
FROM nation 
JOIN region ON nation.n_regionkey = region.r_regionkey 
WHERE region.r_name = 'EUROPE';",True
What is the name of the customer number 93697 with the total order price of 191918.92?,SELECT T2.c_name FROM orders AS T1 INNER JOIN customer AS T2 ON T1.o_custkey = T2.c_custkey WHERE T1.o_totalprice = 191918.92 AND T1.o_custkey = 93697,"SELECT c.c_name 
FROM customer c 
JOIN orders o ON c.c_custkey = o.o_custkey 
WHERE c.c_custkey = 93697 AND o.o_totalprice = 191918.92;",True
Please list any two parts that come with the wrap bag container and have a supply cost of under 10.,SELECT T1.p_name FROM part AS T1 INNER JOIN partsupp AS T2 ON T1.p_partkey = T2.ps_partkey WHERE T2.ps_supplycost < 10 AND T1.p_container = 'WRAP BAG' LIMIT 2,"SELECT p.p_name 
FROM part p 
JOIN partsupp ps ON p.p_partkey = ps.ps_partkey 
WHERE p.p_container = 'WRAP BAG' AND ps.ps_supplycost < 10 
LIMIT 2;",False
How many items did Customer#000021159 order? Calculate those items total charges.,"SELECT COUNT(T2.o_orderkey), SUM(T3.l_extendedprice * (1 - T3.l_discount) * (1 + T3.l_tax)) FROM customer AS T1 INNER JOIN orders AS T2 ON T1.c_custkey = T2.o_custkey INNER JOIN lineitem AS T3 ON T2.o_orderkey = T3.l_orderkey WHERE T1.c_name = 'Customer#000021159' GROUP BY T3.l_linenumber","SELECT 
    COUNT(*) AS item_count, 
    SUM(l_extendedprice * (1 - l_discount)) AS total_charges
FROM 
    customer c
JOIN 
    orders o ON c.c_custkey = o.o_custkey
JOIN 
    lineitem l ON o.o_orderkey = l.l_orderkey
WHERE 
    c.c_name = 'Customer#000021159';",False
Please give the name of the customer who has made the single order with the highest total price.,SELECT T2.c_name FROM orders AS T1 INNER JOIN customer AS T2 ON T1.o_custkey = T2.c_custkey ORDER BY T1.o_totalprice DESC LIMIT 1,"SELECT c.c_name 
FROM customer c 
JOIN orders o ON c.c_custkey = o.o_custkey 
ORDER BY o.o_totalprice DESC 
LIMIT 1;",True
What proportion of suppliers are from Asia?,"SELECT CAST(SUM(IIF(T1.r_name = 'ASIA', 1, 0)) AS REAL) * 100 / COUNT(T1.r_regionkey) FROM region AS T1 INNER JOIN nation AS T2 ON T1.r_regionkey = T2.n_regionkey INNER JOIN supplier AS T3 ON T2.n_nationkey = T3.s_nationkey",,skipped
What are the countries in the region of Asia?,SELECT T1.n_name FROM nation AS T1 INNER JOIN region AS T2 ON T1.n_regionkey = T2.r_regionkey WHERE T2.r_name = 'ASIA',"SELECT n_name 
FROM nation 
JOIN region ON nation.n_regionkey = region.r_regionkey 
WHERE r_name = 'ASIA';",True
List the name and phone number of customers in India who have an above-average account balance.,"SELECT T1.c_name, T1.c_phone FROM customer AS T1 INNER JOIN nation AS T2 ON T1.c_nationkey = T2.n_nationkey WHERE T1.c_acctbal > ( SELECT AVG(c_acctbal) FROM customer ) ORDER BY T1.c_name","SELECT c_name, c_phone 
FROM customer 
WHERE c_nationkey = (SELECT n_nationkey FROM nation WHERE n_name = 'INDIA') 
AND c_acctbal > (SELECT AVG(c_acctbal) FROM customer);",False
How many part supplies are close to being out of stock?,SELECT COUNT(ps_suppkey) FROM partsupp WHERE ps_availqty < 10,"SELECT COUNT(*) 
FROM partsupp 
WHERE ps_availqty < 100;",False
How many customers are in the furniture segment?,SELECT COUNT(c_custkey) FROM customer WHERE c_mktsegment = 'FURNITURE',"SELECT COUNT(*) 
FROM customer 
WHERE c_mktsegment = 'FURNITURE';",True
How much is the profit for smoke turquoise purple blue salmon that was delivered in person on 5/7/1996?,SELECT T1.l_extendedprice * (1 - T1.l_discount) - T2.ps_supplycost * T1.l_quantity AS num FROM lineitem AS T1 INNER JOIN partsupp AS T2 ON T1.l_suppkey = T2.ps_suppkey INNER JOIN part AS T3 ON T2.ps_partkey = T3.p_partkey WHERE T1.l_receiptdate = '1996-05-07' AND T1.l_shipinstruct = 'DELIVER IN PERSON' AND T3.p_name = 'smoke turquoise purple blue salmon',"SELECT 
    SUM(l_extendedprice * (1 - l_discount) - ps_supplycost * l_quantity) AS profit
FROM 
    lineitem
JOIN 
    partsupp ON lineitem.l_suppkey = partsupp.ps_suppkey AND lineitem.l_partkey = partsupp.ps_partkey
JOIN 
    part ON lineitem.l_partkey = part.p_partkey
WHERE 
    part.p_name = 'smoke turquoise purple blue salmon'
    AND lineitem.l_shipdate = '1996-05-07'
    AND lineitem.l_shipmode = 'in person';",False
List the suppliers' names which supplied smoke red pale saddle plum.,SELECT T3.s_name FROM part AS T1 INNER JOIN partsupp AS T2 ON T1.p_partkey = T2.ps_partkey INNER JOIN supplier AS T3 ON T2.ps_suppkey = T3.s_suppkey WHERE T1.p_name = 'smoke red pale saddle plum',"SELECT s_name 
FROM supplier 
WHERE s_suppkey IN (
    SELECT ps_suppkey 
    FROM partsupp 
    WHERE ps_partkey IN (
        SELECT p_partkey 
        FROM part 
        WHERE p_name = 'smoke red pale saddle plum'
    )
);",True
List the comments describing orders from customers in the furniture segment.,SELECT T1.o_comment FROM orders AS T1 INNER JOIN customer AS T2 ON T1.o_custkey = T2.c_custkey WHERE T2.c_mktsegment = 'FURNITURE',"SELECT o.o_comment 
FROM orders o 
JOIN customer c ON o.o_custkey = c.c_custkey 
WHERE c.c_mktsegment = 'FURNITURE';",True
Which line item with the highest quantity is shipped by air?,SELECT l_linenumber FROM lineitem WHERE l_shipmode = 'AIR' ORDER BY l_quantity DESC LIMIT 1,"SELECT *
FROM lineitem
WHERE l_shipmode = 'Air'
ORDER BY l_quantity DESC
LIMIT 1;",False
What are the clerks of orders with line items shipped by mail?,SELECT T1.o_clerk FROM orders AS T1 INNER JOIN lineitem AS T2 ON T1.o_orderkey = T2.l_orderkey WHERE T2.l_shipmode = 'MAIL',"SELECT DISTINCT o_clerk 
FROM orders 
JOIN lineitem ON orders.o_orderkey = lineitem.l_orderkey 
WHERE l_shipmode = 'MAIL';",False
Indicate the name of the product that is close to being sold out and that has the lowest cost price.,SELECT T1.p_name FROM part AS T1 INNER JOIN partsupp AS T2 ON T1.p_partkey = T2.ps_partkey WHERE T2.ps_availqty < 10 ORDER BY T2.ps_supplycost LIMIT 1,"SELECT p_name 
FROM part 
WHERE p_partkey IN (
    SELECT ps_partkey 
    FROM partsupp 
    ORDER BY ps_supplycost ASC, ps_availqty DESC 
    LIMIT 1
);",False
Please list the order keys of all the orders made by a customer whose account is in debt.,SELECT T1.o_orderkey FROM orders AS T1 INNER JOIN customer AS T2 ON T1.o_custkey = T2.c_custkey WHERE T2.c_acctbal < 0,"SELECT o.o_orderkey
FROM orders o
JOIN customer c ON o.o_custkey = c.c_custkey
WHERE c.c_acctbal < 0;",True
What is the phone number of Customer#000000001?,SELECT c_phone FROM customer WHERE c_name = 'Customer#000000001',SELECT c_phone FROM customer WHERE c_name = 'Customer#000000001';,True
Please list the order comments of all the orders made by customers in the household segment.,SELECT T1.o_comment FROM orders AS T1 INNER JOIN customer AS T2 ON T1.o_custkey = T2.c_custkey WHERE T2.c_mktsegment = 'HOUSEHOLD',"SELECT o_comment 
FROM orders 
JOIN customer ON orders.o_custkey = customer.c_custkey 
WHERE customer.c_mktsegment = 'HOUSEHOLD';",True
How many Japanese suppliers have their accounts in debt?,SELECT COUNT(T1.s_suppkey) FROM supplier AS T1 INNER JOIN nation AS T2 ON T1.s_nationkey = T2.n_nationkey WHERE T1.s_acctbal < 0 AND T2.n_name = 'JAPAN',"SELECT COUNT(*) 
FROM supplier s 
JOIN nation n ON s.s_nationkey = n.n_nationkey 
WHERE n.n_name = 'JAPAN' AND s.s_acctbal < 0;",True
List the name of the top ten items with the most quantity available in the descending order of availability.,SELECT T1.p_name FROM part AS T1 INNER JOIN partsupp AS T2 ON T1.p_partkey = T2.ps_partkey ORDER BY T2.ps_availqty DESC LIMIT 10,"SELECT p_name 
FROM (
    SELECT part.p_name, partsupp.ps_availqty
    FROM part
    JOIN partsupp ON part.p_partkey = partsupp.ps_partkey
) AS subquery
ORDER BY ps_availqty DESC 
LIMIT 10;",True
List the names of the countries with the below-average number of customers in ascending order of customer numbers.,SELECT T2.n_name FROM customer AS T1 INNER JOIN nation AS T2 ON T1.c_nationkey = T2.n_nationkey GROUP BY T2.n_name HAVING COUNT(T1.c_name) > ( SELECT COUNT(customer.c_name) / COUNT(DISTINCT nation.n_name) FROM customer INNER JOIN nation ON customer.c_nationkey = nation.n_nationkey ) ORDER BY COUNT(T1.c_name),"SELECT n_name 
FROM nation 
JOIN customer ON nation.n_nationkey = customer.c_nationkey 
GROUP BY n_name 
HAVING COUNT(c_custkey) < (SELECT AVG(customer_count) FROM (SELECT c_nationkey, COUNT(c_custkey) AS customer_count FROM customer GROUP BY c_nationkey)) 
ORDER BY COUNT(c_custkey) ASC;",False
How much is the total price of all the orders shipped to customers in Argentina?,SELECT SUM(T3.o_totalprice) FROM customer AS T1 INNER JOIN nation AS T2 ON T1.c_nationkey = T2.n_nationkey INNER JOIN orders AS T3 ON T1.c_custkey = T3.o_custkey WHERE T2.n_name = 'ARGENTINA',"SELECT SUM(o_totalprice) 
FROM orders 
JOIN customer ON orders.o_custkey = customer.c_custkey 
JOIN nation ON customer.c_nationkey = nation.n_nationkey 
WHERE nation.n_name = 'ARGENTINA';",True
"What is the comment of the product ""burlywood plum powder puff mint""?",SELECT p_comment FROM part WHERE p_name = 'burlywood plum powder puff mint',"SELECT p_comment 
FROM part 
WHERE p_name = 'burlywood plum powder puff mint';",True
How many suppliers are from Japan?,SELECT COUNT(T1.c_custkey) FROM customer AS T1 INNER JOIN nation AS T2 ON T1.c_nationkey = T2.n_nationkey WHERE T2.n_name = 'JAPAN',"SELECT COUNT(*) 
FROM supplier 
JOIN nation ON supplier.s_nationkey = nation.n_nationkey 
WHERE nation.n_name = 'JAPAN';",False
What is the average price of the orders made by a customer in Germany?,SELECT AVG(T3.o_totalprice) FROM nation AS T1 INNER JOIN customer AS T2 ON T1.n_nationkey = T2.c_nationkey INNER JOIN orders AS T3 ON T2.c_custkey = T3.o_custkey WHERE T1.n_name = 'GERMANY',"SELECT AVG(l_extendedprice) AS avg_order_price
FROM lineitem
JOIN orders ON lineitem.l_orderkey = orders.o_orderkey
JOIN customer ON orders.o_custkey = customer.c_custkey
JOIN nation ON customer.c_nationkey = nation.n_nationkey
WHERE nation.n_name = 'GERMANY';",False
How many customers who are not in debt ordered an urgent order?,SELECT COUNT(T2.c_custkey) FROM orders AS T1 INNER JOIN customer AS T2 ON T1.o_custkey = T2.c_custkey WHERE T2.c_acctbal > 0 AND T1.o_orderpriority = '1-URGENT',"SELECT COUNT(DISTINCT c.c_custkey) 
FROM customer c 
JOIN orders o ON c.c_custkey = o.o_custkey 
WHERE c.c_acctbal >= 0 AND o.o_orderpriority = '1-URGENT';",False
Which customer is the most in debt?,SELECT c_name FROM customer WHERE c_acctbal = ( SELECT MIN(c_acctbal) FROM customer ),"SELECT c_name 
FROM customer 
WHERE c_acctbal = (SELECT MIN(c_acctbal) FROM customer);",True
Calculate the percentage of customers' accounts in debt.,"SELECT CAST(SUM(IIF(c_acctbal < 0, 1, 0)) AS REAL) * 100 / COUNT(c_custkey) FROM customer",,skipped
How many urgent orders did Clerk#000000001 handle in 1997?,"SELECT COUNT(o_orderkey) FROM orders WHERE STRFTIME('%Y', o_orderdate) = '1997' AND o_clerk = 'Clerk#000000001' AND o_orderpriority = '1-URGENT'","SELECT COUNT(*) 
FROM orders 
WHERE o_clerk = 'Clerk#000000001' 
  AND o_orderdate >= DATE '1997-01-01' 
  AND o_orderdate < DATE '1998-01-01' 
  AND o_orderpriority = 'Urgent';",False
When was the latest date the items of order no.1 were shipped?,SELECT MAX(l_shipdate) FROM lineitem WHERE l_orderkey = 1,"SELECT MAX(l_shipdate) AS latest_ship_date
FROM lineitem
WHERE l_orderkey = 1;",True
"Please list the names of all the products under the type ""promo brushed steel"".",SELECT p_name FROM part WHERE p_type = 'PROMO BRUSHED STEEL',"SELECT p_name 
FROM part 
WHERE p_type = 'promo brushed steel';",False
Calculate percentage of household segment in Indonesia.,"SELECT CAST(SUM(IIF(T1.c_mktsegment = 'HOUSEHOLD', 1, 0)) AS REAL) * 100 / COUNT(T1.c_mktsegment) FROM customer AS T1 INNER JOIN nation AS T2 ON T1.c_nationkey = T2.n_nationkey WHERE T2.n_name = 'INDONESIA'",,skipped
Provide the order comments for at least 5 orders made by customers in the furniture segment.,SELECT T1.o_comment FROM orders AS T1 INNER JOIN customer AS T2 ON T1.o_custkey = T2.c_custkey WHERE T2.c_mktsegment = 'Furniture' LIMIT 5,"SELECT o_comment 
FROM orders 
JOIN customer ON orders.o_custkey = customer.c_custkey 
WHERE customer.c_mktsegment = 'FURNITURE' 
LIMIT 5;",False
What is the largest supplier's account balance?,SELECT MAX(s_acctbal) FROM supplier,"SELECT MAX(s_acctbal) AS largest_account_balance
FROM supplier;",True
What is the total price and the order priority of order number 33?,"SELECT o_totalprice, o_orderpriority FROM orders WHERE o_orderkey = 33","SELECT o_totalprice, o_orderpriority 
FROM orders 
WHERE o_orderkey = 33;",True
What is the name and marketing segment of the customer with the total order price of 199180.63?,"SELECT T2.c_name, T2.c_mktsegment FROM orders AS T1 INNER JOIN customer AS T2 ON T1.o_custkey = T2.c_custkey WHERE T1.o_totalprice = 199180.63","SELECT c.c_name, c.c_mktsegment
FROM customer c
JOIN orders o ON c.c_custkey = o.o_custkey
GROUP BY c.c_name, c.c_mktsegment
HAVING SUM(o.o_totalprice) = 199180.63;",False
"Clerk#000000936 dealt with a ""Not Specified"" order on 1995/3/13, what was the charge for the part of the order shipped by truck?",SELECT T2.l_extendedprice * (1 - T2.l_discount) * (1 + T2.l_tax) AS num FROM orders AS T1 INNER JOIN lineitem AS T2 ON T1.o_orderkey = T2.l_orderkey WHERE T1.o_clerk = 'Clerk#000000936' AND T2.l_shipmode = 'TRUCK' AND T1.o_orderstatus = '4-NOT SPECIFIED' AND T1.o_orderdate = '1995-03-13',"SELECT l_extendedprice * (1 - l_discount) AS charge
FROM lineitem
JOIN orders ON lineitem.l_orderkey = orders.o_orderkey
WHERE orders.o_clerk = 'Clerk#000000936'
  AND orders.o_orderdate = '1995-03-13'
  AND orders.o_orderstatus = 'Not Specified'
  AND lineitem.l_shipmode = 'truck';",True
What are the cost prices of large burnished copper?,SELECT T2.ps_supplycost FROM part AS T1 INNER JOIN partsupp AS T2 ON T1.p_partkey = T2.ps_partkey WHERE T1.p_type = 'LARGE BURNISHED COPPER',"SELECT p_retailprice 
FROM part 
WHERE p_type = 'LARGE BURNISHED COPPER';",False
Name customers in India with account balances over $5000.,SELECT T1.c_name FROM customer AS T1 INNER JOIN nation AS T2 ON T1.c_nationkey = T2.n_nationkey WHERE T1.c_acctbal > 5000 AND T2.n_name = 'INDIA',"SELECT c_name 
FROM customer 
JOIN nation ON customer.c_nationkey = nation.n_nationkey 
WHERE nation.n_name = 'INDIA' AND customer.c_acctbal > 5000;",True
"Please state the segment, the name, the address, and the phone number of customer number 3.","SELECT c_mktsegment, c_name, c_address, c_phone FROM customer WHERE c_custkey = 3","SELECT c_mktsegment, c_name, c_address, c_phone 
FROM customer 
WHERE c_custkey = 3;",True
Give customer No.106936's region name.,SELECT T3.r_name FROM nation AS T1 INNER JOIN customer AS T2 ON T1.n_nationkey = T2.c_nationkey INNER JOIN region AS T3 ON T1.n_regionkey = T3.r_regionkey WHERE T2.c_custkey = 106936,"SELECT r_name 
FROM customer 
JOIN nation ON customer.c_nationkey = nation.n_nationkey 
JOIN region ON nation.n_regionkey = region.r_regionkey 
WHERE customer.c_custkey = 106936;",True
What is the percentage of the European countries among the given countries?,"SELECT CAST(SUM(IIF(T2.r_name = 'EUROPE', 1, 0)) AS REAL) * 100 / COUNT(T1.n_name) FROM nation AS T1 INNER JOIN region AS T2 ON T1.n_regionkey = T2.r_regionkey",,skipped
Calculate the percentage of part supply that costs more than 500.,"SELECT CAST(SUM(IIF(ps_supplycost > 500, 1, 0)) AS REAL) * 100 / COUNT(ps_suppkey) FROM partsupp",,skipped
"What is the quantity of the part ""burnished seashell gainsboro navajo chocolate"" ordered in order no.1?",SELECT T1.l_quantity FROM lineitem AS T1 INNER JOIN part AS T2 ON T1.l_partkey = T2.p_partkey WHERE T1.l_orderkey = 1 AND T2.p_name = 'burnished seashell gainsboro navajo chocolate',"SELECT l_quantity 
FROM lineitem 
JOIN part ON lineitem.l_partkey = part.p_partkey 
WHERE part.p_name = 'burnished seashell gainsboro navajo chocolate' 
AND lineitem.l_orderkey = 1;",True
Which region has the lowest number of countries?,"SELECT T.r_name FROM ( SELECT T1.r_name, COUNT(T2.n_name) AS num FROM region AS T1 INNER JOIN nation AS T2 ON T1.r_regionkey = T2.n_regionkey GROUP BY T1.r_name ) AS T ORDER BY T.num LIMIT 1","SELECT r_name 
FROM region 
JOIN nation ON region.r_regionkey = nation.n_regionkey 
GROUP BY r_name 
ORDER BY COUNT(n_nationkey) ASC 
LIMIT 1;",True
Which country has the most number of suppliers whose account is in debt?,"SELECT T.n_name FROM ( SELECT T2.n_name, SUM(T1.s_acctbal) AS num FROM supplier AS T1 INNER JOIN nation AS T2 ON T1.s_nationkey = T2.n_nationkey WHERE T1.s_acctbal < 0 GROUP BY T2.n_name ) AS T ORDER BY T.num LIMIT 1","SELECT n_name 
FROM nation 
WHERE n_nationkey = (
    SELECT s_nationkey 
    FROM supplier 
    WHERE s_acctbal < 0 
    GROUP BY s_nationkey 
    ORDER BY COUNT(*) DESC 
    LIMIT 1
);",False
How many orders in total are made by customers in Germany?,SELECT COUNT(T2.c_custkey) FROM nation AS T1 INNER JOIN customer AS T2 ON T1.n_nationkey = T2.c_nationkey INNER JOIN orders AS T3 ON T2.c_custkey = T3.o_custkey WHERE T1.n_name = 'GERMANY',"SELECT COUNT(*) 
FROM orders o 
JOIN customer c ON o.o_custkey = c.c_custkey 
JOIN nation n ON c.c_nationkey = n.n_nationkey 
WHERE n.n_name = 'GERMANY';",True
"What is the total price of all orders from the customer with the phone number ""627-220-3983""?",SELECT SUM(T1.o_totalprice) FROM orders AS T1 INNER JOIN customer AS T2 ON T1.o_custkey = T2.c_custkey WHERE T2.c_phone = '627-220-3983',"SELECT SUM(o_totalprice) 
FROM orders 
JOIN customer ON orders.o_custkey = customer.c_custkey 
WHERE customer.c_phone = '627-220-3983';",True
How many customers are there in India?,SELECT COUNT(T1.c_custkey) FROM customer AS T1 INNER JOIN nation AS T2 ON T1.c_nationkey = T2.n_nationkey WHERE T2.n_name = 'INDIA',"SELECT COUNT(*) 
FROM customer 
JOIN nation ON customer.c_nationkey = nation.n_nationkey 
WHERE nation.n_name = 'INDIA';",True
"How much higher in percentage is the highest supply cost of the part ""hot spring dodger dim light"" than the lowest supply cost?",SELECT CAST((MAX(T1.ps_supplycost) - MIN(T1.ps_supplycost)) AS REAL) * 100 / MIN(T1.ps_supplycost) FROM partsupp AS T1 INNER JOIN supplier AS T2 ON T1.ps_suppkey = T2.s_suppkey INNER JOIN part AS T3 ON T1.ps_partkey = T3.p_partkey WHERE T3.p_name = 'hot spring dodger dim light',"SELECT 
    ((MAX(ps_supplycost) - MIN(ps_supplycost)) / MIN(ps_supplycost)) * 100 AS percentage_increase
FROM 
    partsupp
JOIN 
    part ON partsupp.ps_partkey = part.p_partkey
WHERE 
    part.p_name = 'hot spring dodger dim light';",True
Which country does supplier No.34 come from?,SELECT T2.n_name FROM supplier AS T1 INNER JOIN nation AS T2 ON T1.s_nationkey = T2.n_nationkey WHERE T1.s_suppkey = 34,"SELECT n_name 
FROM nation 
WHERE n_nationkey = (SELECT s_nationkey FROM supplier WHERE s_suppkey = 34);",True
Calculate the percentage of suppliers in Germany.,"SELECT CAST(SUM(IIF(T2.n_name = 'GERMANY', 1, 0)) AS REAL) * 100 / COUNT(T1.s_suppkey) FROM supplier AS T1 INNER JOIN nation AS T2 ON T1.s_nationkey = T2.n_nationkey WHERE T1.s_acctbal < 0",,skipped
How many orders in total have the customers in the household segment made?,SELECT COUNT(T1.o_orderkey) FROM orders AS T1 INNER JOIN customer AS T2 ON T1.o_custkey = T2.c_custkey WHERE T2.c_mktsegment = 'HOUSEHOLD',"SELECT COUNT(*) AS total_orders
FROM customer c
JOIN orders o ON c.c_custkey = o.o_custkey
WHERE c.c_mktsegment = 'HOUSEHOLD';",True
What is the region with the most customers?,"SELECT T.r_name FROM ( SELECT T3.r_name, COUNT(T2.c_custkey) AS num FROM nation AS T1 INNER JOIN customer AS T2 ON T1.n_nationkey = T2.c_nationkey INNER JOIN region AS T3 ON T1.n_regionkey = T3.r_regionkey GROUP BY T3.r_name ) AS T ORDER BY T.num DESC LIMIT 1","SELECT r_name 
FROM (
    SELECT n.n_regionkey, r.r_name, COUNT(c.c_custkey) AS customer_count
    FROM customer c
    JOIN nation n ON c.c_nationkey = n.n_nationkey
    JOIN region r ON n.n_regionkey = r.r_regionkey
    GROUP BY n.n_regionkey, r.r_name
    ORDER BY customer_count DESC
    LIMIT 1
) AS sub;",True
How many customers are in debt?,SELECT COUNT(c_custkey) FROM customer WHERE c_acctbal < 0,"SELECT COUNT(*) 
FROM customer 
WHERE c_acctbal < 0;",True
"Among all the customers in Brazil, how many of them have an account balance of less than 1000?",SELECT COUNT(T1.c_custkey) FROM customer AS T1 INNER JOIN nation AS T2 ON T1.c_nationkey = T2.n_nationkey WHERE T2.n_name = 'BRAZIL' AND T1.c_acctbal < 1000,"SELECT COUNT(*) 
FROM customer 
JOIN nation ON customer.c_nationkey = nation.n_nationkey 
WHERE nation.n_name = 'BRAZIL' AND customer.c_acctbal < 1000;",True
List all the customers' phone numbers from Ethiopia.,SELECT T1.c_phone FROM customer AS T1 INNER JOIN nation AS T2 ON T1.c_nationkey = T2.n_nationkey WHERE T2.n_name = 'Ethiopia',"SELECT c_phone 
FROM customer 
JOIN nation ON customer.c_nationkey = nation.n_nationkey 
WHERE nation.n_name = 'ETHIOPIA';",False
How many customers belong to the household segment in Germany?,SELECT COUNT(T1.c_name) FROM customer AS T1 INNER JOIN nation AS T2 ON T1.c_nationkey = T2.n_nationkey WHERE T1.c_mktsegment = 'HOUSEHOLD' AND T2.n_name = 'GERMANY',"SELECT COUNT(*) 
FROM customer 
JOIN nation ON customer.c_nationkey = nation.n_nationkey 
WHERE customer.c_mktsegment = 'HOUSEHOLD' AND nation.n_name = 'GERMANY';",True
What is the nationality of supplier number 1?,SELECT T2.n_name FROM supplier AS T1 INNER JOIN nation AS T2 ON T1.s_nationkey = T2.n_nationkey WHERE T1.s_suppkey = 1,"SELECT n_name 
FROM nation 
WHERE n_nationkey = (SELECT s_nationkey FROM supplier WHERE s_suppkey = 1);",True
In which country do most of the customers come from?,"SELECT T.n_name FROM ( SELECT T2.n_name, COUNT(T1.c_custkey) AS num FROM customer AS T1 INNER JOIN nation AS T2 ON T1.c_nationkey = T2.n_nationkey GROUP BY T2.n_name ) AS T ORDER BY T.num DESC LIMIT 1","SELECT n_name 
FROM nation 
JOIN customer ON nation.n_nationkey = customer.c_nationkey 
GROUP BY n_name 
ORDER BY COUNT(*) DESC 
LIMIT 1;",True
"Of the orders with a lower delivery priority, how many have an urgent priority order?",SELECT COUNT(o_orderkey) FROM orders WHERE o_orderpriority = '1-URGENT' GROUP BY o_orderdate ORDER BY o_orderdate DESC LIMIT 1,"SELECT COUNT(*) 
FROM orders 
WHERE o_orderpriority = '1-URGENT' AND o_shippriority < 5;",False
List the phone numbers of suppliers from Japan.,SELECT T1.s_phone FROM supplier AS T1 INNER JOIN nation AS T2 ON T1.s_nationkey = T2.n_nationkey WHERE T2.n_name = 'JAPAN',"SELECT s_phone 
FROM supplier 
JOIN nation ON supplier.s_nationkey = nation.n_nationkey 
WHERE nation.n_name = 'JAPAN';",True
"Among the parts that are returned, how many of them are provided by a supplier in debt?",SELECT COUNT(T1.l_partkey) FROM lineitem AS T1 INNER JOIN supplier AS T2 ON T1.l_suppkey = T2.s_suppkey WHERE T1.l_returnflag = 'R' AND T2.s_acctbal < 0,"SELECT COUNT(*) 
FROM part p
JOIN lineitem l ON p.p_partkey = l.l_partkey
JOIN supplier s ON l.l_suppkey = s.s_suppkey
WHERE l.l_returnflag = 'R' AND s.s_acctbal < 0;",True
How many in debt customers in the household market segment are from Russia?,SELECT COUNT(T1.c_custkey) FROM customer AS T1 INNER JOIN nation AS T2 ON T1.c_nationkey = T2.n_nationkey WHERE T1.c_acctbal < 0 AND T1.c_mktsegment = 'HOUSEHOLD' AND T2.n_name = 'RUSSIA',"SELECT COUNT(*) 
FROM customer 
JOIN nation ON customer.c_nationkey = nation.n_nationkey 
WHERE customer.c_mktsegment = 'HOUSEHOLD' AND nation.n_name = 'RUSSIA' AND customer.c_acctbal < 0;",True
Provide the phone number of the customer with the highest total price in an order.,SELECT T2.c_phone FROM orders AS T1 INNER JOIN customer AS T2 ON T1.o_custkey = T2.c_custkey ORDER BY T1.o_totalprice DESC LIMIT 1,"SELECT c.c_phone
FROM customer c
JOIN orders o ON c.c_custkey = o.o_custkey
ORDER BY o.o_totalprice DESC
LIMIT 1;",True
"Name the countries that belong in the region with comment description ""furiously express accounts wake sly"".",SELECT T1.n_name FROM nation AS T1 INNER JOIN region AS T2 ON T1.n_regionkey = T2.r_regionkey WHERE T2.r_comment = 'furiously express accounts wake sly',"SELECT n_name 
FROM nation 
WHERE n_regionkey IN (
    SELECT r_regionkey 
    FROM region 
    WHERE r_comment = 'furiously express accounts wake sly'
);",True
Please list the phone numbers of all the suppliers in Germany.,SELECT T1.s_phone FROM supplier AS T1 INNER JOIN nation AS T2 ON T1.s_nationkey = T2.n_nationkey WHERE T2.n_name = 'Germany',"SELECT s_phone 
FROM supplier 
JOIN nation ON supplier.s_nationkey = nation.n_nationkey 
WHERE nation.n_name = 'GERMANY';",False
What are the top 2 countries with the highest number of indebted suppliers?,"SELECT T.n_name FROM ( SELECT T2.n_name, SUM(T1.s_acctbal) AS num FROM supplier AS T1 INNER JOIN nation AS T2 ON T1.s_nationkey = T2.n_nationkey WHERE T1.s_acctbal < 0 GROUP BY T1.s_nationkey ) AS T ORDER BY T.num LIMIT 2",,skipped
Who is the clerk in charge of handling the item with the highest amount of extended price?,SELECT T1.o_clerk FROM orders AS T1 INNER JOIN lineitem AS T2 ON T1.o_orderkey = T2.l_orderkey ORDER BY T2.l_extendedprice DESC LIMIT 1,"SELECT o_clerk 
FROM orders 
WHERE o_orderkey = (
    SELECT l_orderkey 
    FROM lineitem 
    ORDER BY l_extendedprice DESC 
    LIMIT 1
);",True
Calculate the average profit of prom brushed steel products.,SELECT SUM(T2.l_extendedprice * (1 - T2.l_discount) - T1.ps_supplycost * T2.l_quantity) / COUNT(T1.ps_partkey) FROM partsupp AS T1 INNER JOIN lineitem AS T2 ON T1.ps_suppkey = T2.l_suppkey INNER JOIN part AS T3 ON T1.ps_partkey = T3.p_partkey WHERE T3.p_type = 'PROMO BRUSHED STEEL',"SELECT AVG(p_retailprice - ps_supplycost) AS avg_profit
FROM part
JOIN partsupp ON part.p_partkey = partsupp.ps_partkey
WHERE p_name LIKE '%brushed steel%' AND p_type = 'prom';",False
List down the nation keys and names in Africa.,"SELECT T1.n_name, T1.n_nationkey FROM nation AS T1 INNER JOIN region AS T2 ON T1.n_regionkey = T2.r_regionkey WHERE T2.r_name = 'AFRICA'","SELECT n_nationkey, n_name 
FROM nation 
JOIN region ON nation.n_regionkey = region.r_regionkey 
WHERE region.r_name = 'AFRICA';",False
"What are the names of the parts manufactured by manufacturer 3 that have a supply cost of 1,000?",SELECT T2.p_name FROM partsupp AS T1 INNER JOIN part AS T2 ON T1.ps_partkey = T2.p_partkey WHERE T1.ps_supplycost = 1000 AND T2.p_mfgr = 'Manufacturer#3',"SELECT p.p_name 
FROM part p 
JOIN partsupp ps ON p.p_partkey = ps.ps_partkey 
WHERE p.p_mfgr = 'Manufacturer#3' AND ps.ps_supplycost = 1000;",True
Calculate the difference in the average retail price of parts shipped via ship and air.,"SELECT (CAST(SUM(IIF(T3.l_shipmode = 'SHIP', T1.p_retailprice, 0)) AS REAL) / SUM(IIF(T3.l_shipmode = 'SHIP', 1, 0))) - (CAST(SUM(IIF(T3.l_shipmode = 'AIR', T1.p_retailprice, 0)) AS REAL) / SUM(IIF(T3.l_shipmode = 'AIR', 1, 0))) FROM part AS T1 INNER JOIN partsupp AS T2 ON T1.p_partkey = T2.ps_partkey INNER JOIN lineitem AS T3 ON T2.ps_suppkey = T3.l_suppkey",,skipped
List any five parts name in Medium Plated Brass.,SELECT p_name FROM part WHERE p_type = 'MEDIUM PLATED BRASS' LIMIT 5,"SELECT p_name 
FROM part 
WHERE p_type = 'Medium Plated Brass' 
LIMIT 5;",False
Identify the names of the top 3 customers with the highest number of orders of all time and calculate for the average total price per order of each customers.,"SELECT T.c_name, T.res FROM ( SELECT T2.c_name, SUM(T1.o_totalprice) / COUNT(T1.o_orderkey) AS res , COUNT(T1.o_orderkey) AS num FROM orders AS T1 INNER JOIN customer AS T2 ON T1.o_custkey = T2.c_custkey GROUP BY T1.o_custkey ) AS T ORDER BY T.num DESC LIMIT 3",,skipped
How many European suppliers are there?,SELECT COUNT(T1.n_nationkey) FROM nation AS T1 INNER JOIN region AS T2 ON T1.n_regionkey = T2.r_regionkey INNER JOIN supplier AS T3 ON T1.n_nationkey = T3.s_nationkey WHERE T2.r_name = 'EUROPE',"SELECT COUNT(*) 
FROM supplier s
JOIN nation n ON s.s_nationkey = n.n_nationkey
JOIN region r ON n.n_regionkey = r.r_regionkey
WHERE r.r_name = 'EUROPE';",True
What is the supply cost of large plated tin?,SELECT T2.ps_supplycost FROM part AS T1 INNER JOIN partsupp AS T2 ON T1.p_partkey = T2.ps_partkey WHERE T1.p_type = 'large plated tin',"SELECT ps_supplycost 
FROM partsupp 
JOIN part ON partsupp.ps_partkey = part.p_partkey 
WHERE part.p_type = 'LARGE PLATED TIN';",False
"Please list the names of all the suppliers for the part ""hot spring dodger dim light"".",SELECT T2.s_name FROM partsupp AS T1 INNER JOIN supplier AS T2 ON T1.ps_suppkey = T2.s_suppkey INNER JOIN part AS T3 ON T1.ps_partkey = T3.p_partkey WHERE T3.p_name = 'hot spring dodger dim light',"SELECT s.s_name 
FROM supplier s 
JOIN partsupp ps ON s.s_suppkey = ps.ps_suppkey 
JOIN part p ON ps.ps_partkey = p.p_partkey 
WHERE p.p_name = 'hot spring dodger dim light';",True
How many orders were shipped in 1994?,"SELECT COUNT(l_orderkey) FROM lineitem WHERE STRFTIME('%Y', l_shipdate) = '1994'","SELECT COUNT(*) 
FROM orders 
WHERE strftime('%Y', o_orderdate) = '1994';",False
"Which order has a higher priority, order no. 4 or order no. 36?","SELECT l_orderkey FROM lineitem WHERE l_orderkey IN (4, 36) ORDER BY l_shipdate DESC LIMIT 1","SELECT 
    o_orderkey,
    o_orderpriority
FROM 
    orders
WHERE 
    o_orderkey IN (4, 36)
ORDER BY 
    CASE 
        WHEN o_orderkey = 4 THEN 1
        ELSE 2
    END;",False
What are the countries that belong to Africa?,SELECT T2.n_name FROM region AS T1 INNER JOIN nation AS T2 ON T1.r_regionkey = T2.n_regionkey WHERE T1.r_name = 'Africa',"SELECT n_name 
FROM nation 
JOIN region ON nation.n_regionkey = region.r_regionkey 
WHERE r_name = 'AFRICA';",False
"What is the supply cost for the part ""violet olive rose ivory sandy""?",SELECT T2.ps_supplycost FROM part AS T1 INNER JOIN partsupp AS T2 ON T1.p_partkey = T2.ps_partkey WHERE T1.p_name = 'violet olive rose ivory sandy',"SELECT ps_supplycost 
FROM partsupp 
JOIN part ON partsupp.ps_partkey = part.p_partkey 
WHERE part.p_name = 'violet olive rose ivory sandy';",True
"Among the suppliers in the European region, what percentage have a below-average account balance?","SELECT CAST(SUM(IIF(T3.s_acctbal < ( SELECT AVG(supplier.s_acctbal) FROM supplier ), 1, 0)) AS REAL) * 100 / COUNT(T1.n_nationkey) FROM nation AS T1 INNER JOIN region AS T2 ON T1.n_regionkey = T2.r_regionkey INNER JOIN supplier AS T3 ON T1.n_nationkey = T3.s_nationkey WHERE T2.r_name = 'EUROPE'",,skipped
What is the average discount for the parts made by Manufacturer#5?,SELECT AVG(T3.l_discount) FROM part AS T1 INNER JOIN partsupp AS T2 ON T1.p_partkey = T2.ps_partkey INNER JOIN lineitem AS T3 ON T2.ps_suppkey = T3.l_suppkey WHERE T1.p_mfgr = 'Manufacturer#5',"SELECT AVG(l_discount) 
FROM lineitem 
JOIN part ON lineitem.l_partkey = part.p_partkey 
WHERE part.p_mfgr = 'Manufacturer#5';",True
What is the size of the smallest part in a jumbo case container?,SELECT MIN(p_size) FROM part WHERE p_container = 'JUMBO CASE',"SELECT MIN(p_size) 
FROM part 
WHERE p_container = 'JUMBO CASE';",True
What are the top 2 order keys of the item with the highest amount of extended price?,SELECT l_orderkey FROM lineitem ORDER BY l_extendedprice DESC LIMIT 2,"SELECT o_orderkey
FROM orders
JOIN lineitem ON orders.o_orderkey = lineitem.l_orderkey
ORDER BY l_extendedprice DESC
LIMIT 2;",True
List down the countries that are located in Asia.,SELECT T1.n_name FROM nation AS T1 INNER JOIN region AS T2 ON T1.n_regionkey = T2.r_regionkey WHERE T2.r_name = 'ASIA',"SELECT n_name 
FROM nation 
JOIN region ON nation.n_regionkey = region.r_regionkey 
WHERE r_name = 'ASIA';",True
Name the part which is most profitable.,"SELECT T.p_name FROM ( SELECT T3.p_name , T2.l_extendedprice * (1 - T2.l_discount) - T1.ps_supplycost * T2.l_quantity AS num FROM partsupp AS T1 INNER JOIN lineitem AS T2 ON T1.ps_suppkey = T2.l_suppkey INNER JOIN part AS T3 ON T1.ps_partkey = T3.p_partkey ) AS T ORDER BY T.num DESC LIMIT 1","SELECT p_name 
FROM part 
ORDER BY p_retailprice DESC 
LIMIT 1;",False
How many countries belong to the Algeria region?,SELECT COUNT(T1.r_name) FROM region AS T1 INNER JOIN nation AS T2 ON T1.r_regionkey = T2.n_regionkey WHERE T2.n_name = 'ALGERIA',"SELECT COUNT(*) 
FROM nation 
JOIN region ON nation.n_regionkey = region.r_regionkey 
WHERE region.r_name = 'AFRICA';",False
How many line items were returned in 1998?,"SELECT l_linenumber FROM lineitem WHERE STRFTIME('%Y', l_shipdate) < 1997 AND l_shipmode = 'TRUCK'",,skipped
"What is the average supply cost for the part ""hot spring dodger dim light""?",SELECT AVG(T1.ps_supplycost) FROM partsupp AS T1 INNER JOIN supplier AS T2 ON T1.ps_suppkey = T2.s_suppkey INNER JOIN part AS T3 ON T1.ps_partkey = T3.p_partkey WHERE T3.p_name = 'hot spring dodger dim light',"SELECT AVG(ps_supplycost) 
FROM partsupp 
JOIN part ON partsupp.ps_partkey = part.p_partkey 
WHERE part.p_name = 'hot spring dodger dim light';",True
What is the average price before discount of the top 10 orders with the highest total price?,SELECT SUM(T2.l_extendedprice) / 10 FROM orders AS T1 INNER JOIN lineitem AS T2 ON T1.o_orderkey = T2.l_orderkey ORDER BY T1.o_totalprice DESC LIMIT 10,,skipped
"What is the total quantity of the part ""hot spring dodger dim light"" ordered in all orders?",SELECT SUM(T1.p_partkey) FROM part AS T1 INNER JOIN lineitem AS T2 ON T1.p_partkey = T2.l_partkey WHERE T1.p_name = 'hot spring dodger dim light',"SELECT SUM(l_quantity) AS total_quantity
FROM lineitem
JOIN part ON lineitem.l_partkey = part.p_partkey
WHERE part.p_name = 'hot spring dodger dim light';",False
"Among the customers in the furniture market segment, how many of them have a nation key of 1?",SELECT COUNT(c_custkey) FROM customer WHERE c_mktsegment = 'FURNITURE' AND c_nationkey = 1,"SELECT COUNT(*) 
FROM customer 
WHERE c_mktsegment = 'FURNITURE' AND c_nationkey = 1;",True
Give the name of the customer who made an order with Clerk#000000803 on 1997/12/10.,SELECT T2.c_name FROM orders AS T1 INNER JOIN customer AS T2 ON T1.o_custkey = T2.c_custkey WHERE T1.o_orderdate = '1997-12-10' AND T1.o_clerk = 'Clerk#000000803',"SELECT c.c_name 
FROM customer c 
JOIN orders o ON c.c_custkey = o.o_custkey 
WHERE o.o_clerk = 'Clerk#000000803' AND o.o_orderdate = '1997-12-10';",True
How many orders were shipped in 1998?,"SELECT COUNT(l_orderkey) FROM lineitem WHERE STRFTIME('%Y', l_shipdate) = '1998'","SELECT COUNT(*) 
FROM orders 
WHERE strftime('%Y', o_orderdate) = '1998';",False
"For the order with the total price of 231499.38, what was the discounted price for supplier No. 9397?",SELECT T1.l_extendedprice * (1 - T1.l_discount) AS DISCOUNTERPRICE FROM lineitem AS T1 INNER JOIN orders AS T2 ON T2.o_orderkey = T1.l_orderkey WHERE T1.l_suppkey = 9397 AND T2.o_totalprice = 231499.38,"SELECT l_extendedprice * (1 - l_discount) AS discounted_price
FROM lineitem
JOIN orders ON lineitem.l_orderkey = orders.o_orderkey
WHERE orders.o_totalprice = 231499.38 AND lineitem.l_suppkey = 9397;",True
How many different clerks have served the customer with the address uFTe2u518et8Q8UC?,SELECT COUNT(T1.o_clerk) FROM orders AS T1 INNER JOIN customer AS T2 ON T1.o_custkey = T2.c_custkey WHERE T2.c_address = 'uFTe2u518et8Q8UC',"SELECT COUNT(DISTINCT o_clerk) 
FROM orders 
JOIN customer ON orders.o_custkey = customer.c_custkey 
WHERE customer.c_address = 'uFTe2u518et8Q8UC';",True
What is the total price charged for orders shipped by air without shipping instructions?,SELECT l_extendedprice * (1 - l_discount) * (1 + l_tax) AS totalprice FROM lineitem WHERE l_shipmode = 'AIR' AND l_shipinstruct = 'NONE',"SELECT SUM(o_totalprice) AS total_price
FROM orders
JOIN lineitem ON orders.o_orderkey = lineitem.l_orderkey
WHERE lineitem.l_shipmode = 'Air' AND lineitem.l_shipinstruct IS NULL;",False
What is the total number of suppliers from Germany?,SELECT COUNT(T1.s_suppkey) FROM supplier AS T1 INNER JOIN nation AS T2 ON T1.s_nationkey = T2.n_nationkey WHERE T2.n_name = 'GERMANY',"SELECT COUNT(*) 
FROM supplier 
JOIN nation ON supplier.s_nationkey = nation.n_nationkey 
WHERE nation.n_name = 'GERMANY';",True
"Among the parts shipped by rail on 1st December, 1995, list part names with 10% discount.",SELECT T2.p_name FROM partsupp AS T1 INNER JOIN part AS T2 ON T1.ps_partkey = T2.p_partkey INNER JOIN lineitem AS T3 ON T1.ps_partkey = T3.l_partkey WHERE T3.l_discount = 0.1 AND T3.l_shipdate = '1995-12-01' AND T3.l_shipmode = 'RAIL',"SELECT p.p_name
FROM part p
JOIN lineitem l ON p.p_partkey = l.l_partkey
WHERE l.l_shipdate = '1995-12-01' AND l.l_discount = 0.10 AND l.l_shipmode = 'rail';",False
"Among the orders shipped in November, 1998 by air, how many orders were urgent?","SELECT COUNT(T1.o_orderkey) FROM orders AS T1 INNER JOIN lineitem AS T2 ON T1.o_orderkey = T2.l_orderkey WHERE T2.l_shipmode = 'AIR' AND T1.o_orderpriority = '1-URGENT' AND SUBSTR(T2.l_shipdate, 1, 7) = '1998-11'",,skipped
How many products shipped on 19/11/1994 were ordered on 21/09/1994?,SELECT COUNT(T2.l_partkey) FROM orders AS T1 INNER JOIN lineitem AS T2 ON T1.o_orderkey = T2.l_orderkey WHERE T1.o_orderdate = '1994-09-21' AND T2.l_shipdate = '1994-11-19',"SELECT COUNT(*)
FROM lineitem l
JOIN orders o ON l.l_orderkey = o.o_orderkey
WHERE l.l_shipdate = '1994-11-19' AND o.o_orderdate = '1994-09-21';",True
What is the name of the country of the supplier with the highest debt?,SELECT T2.n_name FROM supplier AS T1 INNER JOIN nation AS T2 ON T1.s_nationkey = T2.n_nationkey ORDER BY T1.s_suppkey DESC LIMIT 1,"SELECT n.n_name 
FROM nation n 
JOIN supplier s ON n.n_nationkey = s.s_nationkey 
ORDER BY s.s_acctbal DESC 
LIMIT 1;",False
List all the addresses for the suppliers of the biggest parts.,SELECT T2.s_address FROM partsupp AS T1 INNER JOIN supplier AS T2 ON T1.ps_suppkey = T2.s_suppkey INNER JOIN part AS T3 ON T1.ps_partkey = T3.p_partkey ORDER BY T3.p_size DESC LIMIT 1,"SELECT s.s_address
FROM supplier s
JOIN partsupp ps ON s.s_suppkey = ps.ps_suppkey
WHERE ps.ps_partkey IN (
    SELECT p.p_partkey
    FROM part p
    ORDER BY p.p_retailprice DESC
    LIMIT 1
);",False
Give the number of Moroccan customers whose account is in debt.,SELECT COUNT(T1.c_name) FROM customer AS T1 INNER JOIN nation AS T2 ON T1.c_nationkey = T2.n_nationkey WHERE T2.n_name = 'MOROCCO' AND T1.c_acctbal < 0,"SELECT COUNT(*) 
FROM customer 
JOIN nation ON customer.c_nationkey = nation.n_nationkey 
WHERE nation.n_name = 'MOROCCO' AND customer.c_acctbal < 0;",True
What are the shipping methods for the orders on 12/31/1994?,SELECT DISTINCT T2.l_shipmode FROM orders AS T1 INNER JOIN lineitem AS T2 ON T1.o_orderkey = T2.l_orderkey WHERE T1.o_orderdate = '1994-12-31',"SELECT DISTINCT l_shipmode 
FROM lineitem 
WHERE l_shipdate = '1994-12-31';",True
"Among the suppliers for the parts ordered in order no.4, how many of them are in debt?",SELECT COUNT(T1.l_linenumber) FROM lineitem AS T1 INNER JOIN supplier AS T2 ON T1.l_suppkey = T2.s_suppkey WHERE T1.l_orderkey = 4 AND T2.s_acctbal < 0,"SELECT COUNT(DISTINCT s_suppkey) 
FROM supplier 
WHERE s_acctbal < 0 AND s_suppkey IN (
    SELECT l_suppkey 
    FROM lineitem 
    WHERE l_orderkey = 4
);",True
Please list the names of all the suppliers for parts under Brand#55.,SELECT T3.s_name FROM part AS T1 INNER JOIN partsupp AS T2 ON T1.p_partkey = T2.ps_partkey INNER JOIN supplier AS T3 ON T2.ps_suppkey = T3.s_suppkey WHERE T1.p_brand = 'Brand#55',"SELECT s.s_name 
FROM supplier s 
JOIN partsupp ps ON s.s_suppkey = ps.ps_suppkey 
JOIN part p ON ps.ps_partkey = p.p_partkey 
WHERE p.p_brand = 'Brand#55';",True
"List the phone number of the customer who placed orders with a total price of more than $300,000.",SELECT T2.c_phone FROM orders AS T1 INNER JOIN customer AS T2 ON T1.o_custkey = T2.c_custkey WHERE T1.o_totalprice > 300000,"SELECT c.c_phone
FROM customer c
JOIN orders o ON c.c_custkey = o.o_custkey
GROUP BY c.c_phone
HAVING SUM(o.o_totalprice) > 300000;",False
"Which ship mode has more ""deliver in person"" instructions, rail or mail?","SELECT IIF(SUM(IIF(l_shipmode = 'RAIL', 1, 0)) - SUM(IIF(l_shipmode = 'MAIL', 1, 0)), 'RAIL', 'MAIL') AS result FROM lineitem WHERE l_shipinstruct = 'DELIVER IN PERSON'",,skipped
Please name any three parts that have an available quantity of more than 9998.,SELECT T1.p_name FROM part AS T1 INNER JOIN partsupp AS T2 ON T1.p_partkey = T2.ps_partkey WHERE T2.ps_availqty > 9998 LIMIT 3,"SELECT p_name 
FROM part 
WHERE p_partkey IN (
    SELECT ps_partkey 
    FROM partsupp 
    WHERE ps_availqty > 9998
) 
LIMIT 3;",True
How much is the discounted price of every item that customer 111511 ordered in order 53159? List the names of the parts of every item.,"SELECT T2.l_extendedprice * (1 - T2.l_discount), T3.p_name FROM orders AS T1 INNER JOIN lineitem AS T2 ON T1.o_orderkey = T2.l_orderkey INNER JOIN part AS T3 ON T2.l_partkey = T3.p_partkey WHERE T1.o_custkey = 111511 AND T1.o_orderkey = 53159","SELECT 
    l_extendedprice * (1 - l_discount) AS discounted_price,
    p.p_name AS part_name
FROM 
    lineitem l
JOIN 
    orders o ON l.l_orderkey = o.o_orderkey
JOIN 
    part p ON l.l_partkey = p.p_partkey
WHERE 
    o.o_custkey = 111511 AND o.o_orderkey = 53159;",True
"Among all the suppliers providing the part ""hot spring dodger dim light"", how many of them are in Europe?",SELECT COUNT(T1.r_regionkey) FROM region AS T1 INNER JOIN nation AS T2 ON T1.r_regionkey = T2.n_regionkey INNER JOIN supplier AS T3 ON T2.n_nationkey = T3.s_nationkey WHERE T1.r_name = 'EUROPE',"SELECT COUNT(DISTINCT s_suppkey) 
FROM supplier 
JOIN nation ON supplier.s_nationkey = nation.n_nationkey 
JOIN region ON nation.n_regionkey = region.r_regionkey 
JOIN partsupp ON supplier.s_suppkey = partsupp.ps_suppkey 
JOIN part ON partsupp.ps_partkey = part.p_partkey 
WHERE part.p_name = 'hot spring dodger dim light' AND region.r_name = 'EUROPE';",False
Calculate the total profit made by chocolate floral blue coral cyan.,SELECT SUM(T3.l_extendedprice * (1 - T3.l_discount) - T2.ps_supplycost * T3.l_quantity) FROM part AS T1 INNER JOIN partsupp AS T2 ON T1.p_partkey = T2.ps_partkey INNER JOIN lineitem AS T3 ON T2.ps_partkey = T3.l_partkey AND T2.ps_suppkey = T3.l_suppkey WHERE T1.p_name = 'chocolate floral blue coral cyan',"SELECT SUM(l_extendedprice * (1 - l_discount) - ps_supplycost * l_quantity) AS total_profit
FROM lineitem
JOIN partsupp ON lineitem.l_suppkey = partsupp.ps_suppkey AND lineitem.l_partkey = partsupp.ps_partkey
JOIN orders ON lineitem.l_orderkey = orders.o_orderkey
JOIN customer ON orders.o_custkey = customer.c_custkey
WHERE customer.c_mktsegment = 'CHOCOLATE FLOWER BLUE CORAL CYAN';",False
Name of customer whose order is applied with the highest discount.,SELECT T3.c_name FROM orders AS T1 INNER JOIN lineitem AS T2 ON T1.o_orderkey = T2.l_orderkey INNER JOIN customer AS T3 ON T1.o_custkey = T3.c_custkey ORDER BY T2.l_discount DESC LIMIT 1,"SELECT c.c_name 
FROM customer c 
JOIN orders o ON c.c_custkey = o.o_custkey 
JOIN lineitem l ON o.o_orderkey = l.l_orderkey 
ORDER BY l.l_discount DESC 
LIMIT 1;",False
What is the total price of all the orders made by customers in Germany?,SELECT SUM(T3.o_totalprice) FROM nation AS T1 INNER JOIN customer AS T2 ON T1.n_nationkey = T2.c_nationkey INNER JOIN orders AS T3 ON T2.c_custkey = T3.o_custkey WHERE T1.n_name = 'GERMANY',"SELECT SUM(o_totalprice) 
FROM orders 
JOIN customer ON orders.o_custkey = customer.c_custkey 
JOIN nation ON customer.c_nationkey = nation.n_nationkey 
WHERE nation.n_name = 'GERMANY';",True
List the phone numbers of customers whose order priority is urgent.,SELECT T2.c_phone FROM orders AS T1 INNER JOIN customer AS T2 ON T1.o_custkey = T2.c_custkey WHERE T1.o_orderpriority = '1-URGENT',"SELECT c.c_phone
FROM customer c
JOIN orders o ON c.c_custkey = o.o_custkey
WHERE o.o_orderpriority = 'Urgent';",False
Indicate the name of the parts without discount.,SELECT T3.p_name FROM partsupp AS T1 INNER JOIN lineitem AS T2 ON T1.ps_suppkey = T2.l_suppkey INNER JOIN part AS T3 ON T1.ps_partkey = T3.p_partkey WHERE T2.l_discount = 0.0000,"SELECT p_name 
FROM part 
WHERE p_partkey NOT IN (SELECT l_partkey FROM lineitem WHERE l_discount > 0);",False
List line items shipped by truck with delivery time before 1997.,"SELECT l_linenumber FROM lineitem WHERE STRFTIME('%Y', l_shipdate) < 1997 AND l_shipmode = 'truck'",,skipped
How many of the line items that have a quantity greater than 40 have been shipped by air?,SELECT COUNT(l_linenumber) FROM lineitem WHERE l_quantity > 40 AND l_shipmode = 'AIR',"SELECT COUNT(*) 
FROM lineitem 
WHERE l_quantity > 40 AND l_shipmode = 'Air';",False
"Among the providers in Argentina, which supplier has an account that is in debt?",SELECT T1.s_name FROM supplier AS T1 INNER JOIN nation AS T2 ON T1.s_nationkey = T2.n_nationkey WHERE T1.s_acctbal < 0 AND T2.n_name = 'ARGENTINA',"SELECT s_name 
FROM supplier 
JOIN nation ON supplier.s_nationkey = nation.n_nationkey 
WHERE nation.n_name = 'ARGENTINA' AND supplier.s_acctbal < 0;",True
Lists all parts supplied by Supplier#000000034.,SELECT T3.p_name FROM partsupp AS T1 INNER JOIN supplier AS T2 ON T1.ps_suppkey = T2.s_suppkey INNER JOIN part AS T3 ON T1.ps_partkey = T3.p_partkey WHERE T2.s_name = 'Supplier#000000034',"SELECT p.p_name 
FROM part p 
JOIN partsupp ps ON p.p_partkey = ps.ps_partkey 
WHERE ps.ps_suppkey = 34;",True
How many orders shipped via ship have a medium priority?,SELECT COUNT(T1.o_orderkey) FROM orders AS T1 INNER JOIN lineitem AS T2 ON T1.o_orderkey = T2.l_orderkey WHERE T2.l_shipmode = 'SHIP' AND T1.o_orderpriority = '3-MEDIUM',"SELECT COUNT(*) 
FROM orders 
WHERE o_orderpriority = 'MEDIUM' AND o_shippriority = 1;",False
"What is the name of the supplier that provides the part ""hot spring dodger dim light"" with the lowest supply cost?",SELECT T2.s_name FROM partsupp AS T1 INNER JOIN supplier AS T2 ON T1.ps_suppkey = T2.s_suppkey INNER JOIN part AS T3 ON T1.ps_partkey = T3.p_partkey WHERE T3.p_name = 'hot spring dodger dim light' ORDER BY T1.ps_supplycost LIMIT 1,"SELECT s_name 
FROM supplier 
WHERE s_suppkey = (
    SELECT ps_suppkey 
    FROM partsupp 
    WHERE ps_partkey = (
        SELECT p_partkey 
        FROM part 
        WHERE p_name = 'hot spring dodger dim light'
    ) 
    ORDER BY ps_supplycost ASC 
    LIMIT 1
);",True
"What is the biggest discount among all orders for the part ""burnished seashell gainsboro navajo chocolate""?",SELECT MAX(T1.l_discount) FROM lineitem AS T1 INNER JOIN part AS T2 ON T1.l_partkey = T2.p_partkey WHERE T2.p_name = 'burnished seashell gainsboro navajo chocolate',"SELECT MAX(l_discount) AS max_discount
FROM lineitem
JOIN part ON lineitem.l_partkey = part.p_partkey
WHERE part.p_name = 'burnished seashell gainsboro navajo chocolate';",True
